SMILES,SF
[O-][N+](C([N+](=O)[O-])(F)COc1n[n+]([O-])c(n[n+]1[O-])OCC(F)([N+](=O)[O-])[N+]([O-])=O)=O,-6.05932842
C(F)([N+](=O)[O-])(COc1[n+]([O-])nc([n+](n1)[O-])OCC([N+]([O-])=O)(F)[N+]([O-])=O)[N+](=O)[O-],-6.05932842
C(C(F)([N+]([O-])=O)[N+]([O-])=O)Oc1[n+]([O-])nc([n+]([O-])n1)OCC([N+]([O-])=O)(F)[N+]([O-])=O,-6.05932842
C(C([N+](=O)[O-])(F)[N+]([O-])=O)Oc1[n+](nc([n+](n1)[O-])OCC([N+](=O)[O-])(F)[N+]([O-])=O)[O-],-6.05932842
[N+](=O)([O-])C([N+](=O)[O-])(F)COc1[n+]([O-])nc([n+]([O-])n1)OCC(F)([N+]([O-])=O)[N+](=O)[O-],-6.05932842
N1([PH](=S)N([PH]1=S)c1c(C(C)C)cccc1C(C)C)c1c(cccc1C(C)C)C(C)C,1.331125749
c1(cccc(c1N1[PH](N([PH]1=S)c1c(C(C)C)cccc1C(C)C)=S)C(C)C)C(C)C,1.331125749
CC(C)c1c(c(C(C)C)ccc1)N1[PH](N([PH]1=S)c1c(cccc1C(C)C)C(C)C)=S,1.331125749
c1(c(N2[PH](=S)N([PH]2=S)c2c(C(C)C)cccc2C(C)C)c(ccc1)C(C)C)C(C)C,1.331125749
CC(c1c(N2[PH](N([PH]2=S)c2c(cccc2C(C)C)C(C)C)=S)c(C(C)C)ccc1)C,1.331125749
[O-][n+]1c2ccccc2[n+](c2ccccc21)[O-],1.477707836
c1cccc2[n+](c3c(cccc3)[n+]([O-])c12)[O-],1.477707836
c1ccc2[n+](c3c(cccc3)[n+](c2c1)[O-])[O-],1.477707836
c12[n+](c3c(cccc3)[n+]([O-])c2cccc1)[O-],1.477707836
c12[n+](c3c([n+](c2cccc1)[O-])cccc3)[O-],1.477707836
c12c(c(c(F)nc2F)F)[N+](=[N+]([O-])c2c(cc(C)cc2C1)C)[O-],1.704209925
C1c2c(F)nc(c(F)c2[N+]([O-])=[N+](c2c1cc(cc2C)C)[O-])F,1.704209925
Fc1nc(F)c(F)c2c1Cc1cc(C)cc(c1[N+]([O-])=[N+]2[O-])C,1.704209925
c12c(c(F)nc(c1F)F)Cc1cc(cc(C)c1[N+](=[N+]2[O-])[O-])C,1.704209925
c1c(C)c2[N+](=[N+](c3c(c(nc(F)c3F)F)Cc2cc1C)[O-])[O-],1.704209925
[N+](c1ccccc1)(=[N+](c1ccccc1)[O-])[O-],1.697357425
c1cc(ccc1)[N+]([O-])=[N+]([O-])c1ccccc1,1.697357425
c1cccc(c1)[N+](=[N+]([O-])c1ccccc1)[O-],1.697357425
c1cccc([N+](=[N+](c2ccccc2)[O-])[O-])c1,1.697357425
c1cccc(c1)[N+](=[N+](c1ccccc1)[O-])[O-],1.697357425
C1(C(C=CC(C=1)=[N+](C(C)(C)C)[O-])=O)N,1.543926815
CC(C)([N+](=C1C=C(N)C(C=C1)=O)[O-])C,1.543926815
CC([N+]([O-])=C1C=C(N)C(C=C1)=O)(C)C,1.543926815
CC([N+](=C1C=CC(C(=C1)N)=O)[O-])(C)C,1.543926815
CC(C)(C)[N+](=C1C=C(N)C(=O)C=C1)[O-],1.543926815
c1cc(Cl)c(cc1)C=C(C#N)C(S[O-])=[NH2+],0.294205577
N#CC(C(S[O-])=[NH2+])=Cc1ccccc1Cl,0.294205577
N#CC(=Cc1ccccc1Cl)C(S[O-])=[NH2+],0.294205577
c1(C=C(C#N)C(=[NH2+])S[O-])ccccc1Cl,0.294205577
C(c1ccccc1Cl)=C(C(=[NH2+])S[O-])C#N,0.294205577
c1cc2nc([N+]([O-])=[N+]([O-])c3cnc4ccccc4n3)cnc2cc1,1.272394777
[O-][N+](c1nc2c(nc1)cccc2)=[N+](c1nc2c(nc1)cccc2)[O-],1.272394777
c12ccccc1nc(cn2)[N+](=[N+]([O-])c1nc2c(cccc2)nc1)[O-],1.272394777
c1cccc2c1ncc(n2)[N+](=[N+]([O-])c1cnc2c(n1)cccc2)[O-],1.272394777
[N+]([O-])(c1nc2ccccc2nc1)=[N+]([O-])c1nc2c(nc1)cccc2,1.272394777
CC1(C)[N+](=CC(C2=NC(C)(C(C)(C)N2O)C)=[N+]([O-])C1(C)C)[O-],1.001801579
C1(N=C(C2C=[N+](C(C(C)(C)[N+]=2[O-])(C)C)[O-])N(O)C1(C)C)(C)C,1.001801579
CC1(C)[N+]([O-])=C(C=[N+]([O-])C1(C)C)C1=NC(C)(C(C)(N1O)C)C,1.001801579
CC1(N(C(=NC1(C)C)C1C=[N+](C(C)(C([N+]=1[O-])(C)C)C)[O-])O)C,1.001801579
CC1(C(C)(C)[N+](=CC(C2N(O)C(C(C)(N=2)C)(C)C)=[N+]1[O-])[O-])C,1.001801579
c1([N+]([O-])=O)cc2=NOC3(CCCCC3)[N+]([O-])=c2cc1,1.136604271
C1C2(CCCC1)[N+]([O-])=c1ccc(cc1=NO2)[N+]([O-])=O,1.136604271
c1cc2c(=NOC3(CCCCC3)[N+]=2[O-])cc1[N+]([O-])=O,1.136604271
O1C2([N+]([O-])=c3ccc(cc3=N1)[N+]([O-])=O)CCCCC2,1.136604271
[O-][N+]1C2(CCCCC2)ON=c2c=1ccc([N+]([O-])=O)c2,1.136604271
[N+](c1c(cc2=[N+]([O-])C(ON=c2c1Cl)(C)C)Cl)(=O)[O-],1.212496449
CC1(C)[N+]([O-])=c2cc(c([N+]([O-])=O)c(Cl)c2=NO1)Cl,1.212496449
N1OC([N+]([O-])=c2c=1c(c(c(c2)Cl)[N+]([O-])=O)Cl)(C)C,1.212496449
[O-][N+]1=c2cc(c(c(Cl)c2=NOC1(C)C)[N+](=O)[O-])Cl,1.212496449
CC1(ON=c2c(c([N+](=O)[O-])c(Cl)cc2=[N+]1[O-])Cl)C,1.212496449
N#C[C-]([n+]1cc[n+](cc1)[C-](C#N)C#N)C#N,0.990707212
c1c[n+](cc[n+]1[C-](C#N)C#N)[C-](C#N)C#N,0.990707212
C(#N)[C-](C#N)[n+]1cc[n+](cc1)[C-](C#N)C#N,0.990707212
c1[n+](cc[n+]([C-](C#N)C#N)c1)[C-](C#N)C#N,0.990707212
[C-](C#N)([n+]1cc[n+](cc1)[C-](C#N)C#N)C#N,0.990707212
N#Cc1c(-c2n(cc[n+]2-c2c(cccc2C(C)C)C(C)C)-c2c(cccc2C(C)C)C(C)C)[n-]c([N+](=C(C#N)C#N)[C-](C#N)C#N)c1C#N,0.692802615
CC(C)c1c(-[n+]2c(-c3c(c(C#N)c([n-]3)[N+]([C-](C#N)C#N)=C(C#N)C#N)C#N)n(cc2)-c2c(C(C)C)cccc2C(C)C)c(C(C)C)ccc1,0.692802615
c1(-c2[n-]c(c(C#N)c2C#N)[N+]([C-](C#N)C#N)=C(C#N)C#N)[n+](ccn1-c1c(cccc1C(C)C)C(C)C)-c1c(cccc1C(C)C)C(C)C,0.692802615
C(C)(C)c1cccc(c1-[n+]1c(n(cc1)-c1c(cccc1C(C)C)C(C)C)-c1[n-]c([N+]([C-](C#N)C#N)=C(C#N)C#N)c(c1C#N)C#N)C(C)C,0.692802615
C(#N)[C-](C#N)[N+](=C(C#N)C#N)c1c(c(c([n-]1)-c1[n+](-c2c(C(C)C)cccc2C(C)C)ccn1-c1c(C(C)C)cccc1C(C)C)C#N)C#N,0.692802615
C(=O)(OCC)c1[n+](c2cc(ccc2[n+](c1C)[O-])Cl)[O-],1.056571417
c1cc2[n+]([O-])c(C)c(C(=O)OCC)[n+]([O-])c2cc1Cl,1.056571417
[O-][n+]1c(C(OCC)=O)c([n+]([O-])c2c1cc(cc2)Cl)C,1.056571417
[n+]1(c(C)c(C(OCC)=O)[n+]([O-])c2c1ccc(Cl)c2)[O-],1.056571417
[O-][n+]1c(c(C(OCC)=O)[n+](c2cc(Cl)ccc21)[O-])C,1.056571417
[n+]1(c2ccc(OC)cc2[n+](cc1C)[O-])[O-],1.128096418
c1c(cc2c([n+]([O-])c(C)c[n+]2[O-])c1)OC,1.128096418
[O-][n+]1c(c[n+]([O-])c2c1ccc(c2)OC)C,1.128096418
c1cc2[n+]([O-])c(C)c[n+](c2cc1OC)[O-],1.128096418
c1[n+](c2c(ccc(OC)c2)[n+]([O-])c1C)[O-],1.128096418
C(S(=O)(c1[n+]([O-])c2c(cccc2)[n+](c1-c1ccccc1)[O-])=O)C,1.20389518
[O-][n+]1c2ccccc2[n+](c(-c2ccccc2)c1S(CC)(=O)=O)[O-],1.20389518
CCS(=O)(c1[n+]([O-])c2c(cccc2)[n+]([O-])c1-c1ccccc1)=O,1.20389518
c1(-c2c(S(=O)(CC)=O)[n+]([O-])c3c(cccc3)[n+]2[O-])ccccc1,1.20389518
O=S(CC)(=O)c1c(-c2ccccc2)[n+](c2ccccc2[n+]1[O-])[O-],1.20389518
Fc1cc(c(cc1=C(C#N)C#N)F)=C(C#N)C#N,0.656899794
C(=c1cc(F)c(=C(C#N)C#N)cc1F)(C#N)C#N,0.656899794
C(#N)C(=c1c(F)cc(c(c1)F)=C(C#N)C#N)C#N,0.656899794
c1(cc(=C(C#N)C#N)c(cc1=C(C#N)C#N)F)F,0.656899794
Fc1c(cc(c(=C(C#N)C#N)c1)F)=C(C#N)C#N,0.656899794
c1cc2c(=O)n[n+](-c3ccccc3)n([O-])c2cc1,0.867485965
c12n([n+](-c3ccccc3)nc(c1cccc2)=O)[O-],0.867485965
O=c1n[n+](n(c2ccccc12)[O-])-c1ccccc1,0.867485965
c1cccc2n([O-])[n+](-c3ccccc3)nc(=O)c12,0.867485965
O=c1c2c(n([O-])[n+](-c3ccccc3)n1)cccc2,0.867485965
c1c(=C2C=C(C(C(=C2)C(C)(C)C)=O)C(C)(C)C)sc(c1)=C1C=C(C(=O)C(C(C)(C)C)=C1)C(C)(C)C,0.745880182
CC(C)(C1C(C(C(C)(C)C)=CC(C=1)=c1sc(=C2C=C(C(C(C(C)(C)C)=C2)=O)C(C)(C)C)cc1)=O)C,0.745880182
CC(C)(C)C1=CC(=c2ccc(s2)=C2C=C(C(C)(C)C)C(=O)C(=C2)C(C)(C)C)C=C(C1=O)C(C)(C)C,0.745880182
C1(C(=CC(C=C1C(C)(C)C)=c1sc(=C2C=C(C(C)(C)C)C(C(C(C)(C)C)=C2)=O)cc1)C(C)(C)C)=O,0.745880182
CC(C1=CC(C=C(C(C)(C)C)C1=O)=c1sc(=C2C=C(C(=O)C(C(C)(C)C)=C2)C(C)(C)C)cc1)(C)C,0.745880182
C(C#N)(C#N)=c1ccc(cc1)=C(C#N)C#N,0.702734884
c1c(=C(C#N)C#N)ccc(c1)=C(C#N)C#N,0.702734884
c1c(ccc(=C(C#N)C#N)c1)=C(C#N)C#N,0.702734884
C(#N)C(=c1ccc(cc1)=C(C#N)C#N)C#N,0.702734884
c1c(=C(C#N)C#N)ccc(c1)=C(C#N)C#N,0.702734884
C(OC(Nc1cc2[n+](c(c([n+]([O-])c2cc1)CBr)CBr)[O-])=O)(C)(C)C,1.106207332
c12ccc(cc2[n+]([O-])c(c([n+]1[O-])CBr)CBr)NC(OC(C)(C)C)=O,1.106207332
[O-][n+]1c2ccc(cc2[n+]([O-])c(c1CBr)CBr)NC(OC(C)(C)C)=O,1.106207332
CC(OC(Nc1ccc2c(c1)[n+](c(CBr)c([n+]2[O-])CBr)[O-])=O)(C)C,1.106207332
[O-][n+]1c2c(cc(cc2)NC(OC(C)(C)C)=O)[n+](c(CBr)c1CBr)[O-],1.106207332
C[Si](C(C)(C)C)(C)[Si]([Si](C(C)C)(C)C(C)C)=[Si]([Si](C(C)C)(C(C)C)C)[Si](C)(C(C)(C)C)C,0.513364989
CC(C)([Si](C)([Si]([Si](C(C)C)(C(C)C)C)=[Si]([Si](C(C)(C)C)(C)C)[Si](C(C)C)(C(C)C)C)C)C,0.513364989
[Si]([Si]([Si](C)(C(C)C)C(C)C)=[Si]([Si](C(C)C)(C)C(C)C)[Si](C)(C(C)(C)C)C)(C)(C)C(C)(C)C,0.513364989
CC(C)[Si](C(C)C)([Si](=[Si]([Si](C)(C(C)(C)C)C)[Si](C(C)C)(C(C)C)C)[Si](C)(C(C)(C)C)C)C,0.513364989
CC([Si](C)(C(C)C)[Si](=[Si]([Si](C)(C)C(C)(C)C)[Si](C(C)C)(C)C(C)C)[Si](C)(C)C(C)(C)C)C,0.513364989
CC([Si](C(C)C)(C)[Si]([Si](C(C)C)(C(C)C)C)=[Si]([Si](C)(C(C)(C)C)C)[Si](C)(C)C(C)(C)C)C,0.426571872
[Si](C)([Si](=[Si]([Si](C)(C(C)(C)C)C)[Si](C)(C(C)(C)C)C)[Si](C(C)C)(C(C)C)C)(C(C)C)C(C)C,0.426571872
CC(C)([Si](C)(C)[Si](=[Si]([Si](C(C)C)(C(C)C)C)[Si](C(C)C)(C)C(C)C)[Si](C(C)(C)C)(C)C)C,0.426571872
CC(C)[Si](C)(C(C)C)[Si](=[Si]([Si](C)(C(C)(C)C)C)[Si](C)(C(C)(C)C)C)[Si](C(C)C)(C)C(C)C,0.426571872
CC(C)(C)[Si](C)(C)[Si](=[Si]([Si](C(C)C)(C)C(C)C)[Si](C)(C(C)C)C(C)C)[Si](C(C)(C)C)(C)C,0.426571872
C(#N)C(=c1ccc(=C(C#N)C#N)c(c1)CCCCCCCCCCCC)C#N,0.363510598
C(CCCCCCCCCc1c(=C(C#N)C#N)ccc(c1)=C(C#N)C#N)CC,0.363510598
C(C(C#N)=c1ccc(c(CCCCCCCCCCCC)c1)=C(C#N)C#N)#N,0.363510598
c1(=C(C#N)C#N)ccc(=C(C#N)C#N)c(c1)CCCCCCCCCCCC,0.363510598
c1c(CCCCCCCCCCCC)c(ccc1=C(C#N)C#N)=C(C#N)C#N,0.363510598
CC(C)([Si](C)([Si]([Si](C(C)(C)C)(C)C)=[Si]([Si](C(C)(C)C)(C)C)[Si](C)(C(C)(C)C)C)C)C,0.483027486
CC(C)([Si](C)(C)[Si]([Si](C(C)(C)C)(C)C)=[Si]([Si](C)(C(C)(C)C)C)[Si](C(C)(C)C)(C)C)C,0.483027486
C[Si]([Si](=[Si]([Si](C)(C(C)(C)C)C)[Si](C)(C(C)(C)C)C)[Si](C(C)(C)C)(C)C)(C(C)(C)C)C,0.483027486
[Si](C)([Si](=[Si]([Si](C(C)(C)C)(C)C)[Si](C(C)(C)C)(C)C)[Si](C(C)(C)C)(C)C)(C)C(C)(C)C,0.483027486
C[Si](C)([Si](=[Si]([Si](C(C)(C)C)(C)C)[Si](C)(C)C(C)(C)C)[Si](C)(C)C(C)(C)C)C(C)(C)C,0.483027486
CC(C)[Si](C(C)C)(C(C)C)[Si](=[Si]([Si](C(C)C)(C(C)C)C(C)C)[Si](C)(C)C)[Si](C)(C)C,0.448507017
CC([Si](C(C)C)([Si]([Si](C)(C)C)=[Si]([Si](C(C)C)(C(C)C)C(C)C)[Si](C)(C)C)C(C)C)C,0.448507017
C[Si](C)(C)[Si]([Si](C(C)C)(C(C)C)C(C)C)=[Si]([Si](C(C)C)(C(C)C)C(C)C)[Si](C)(C)C,0.448507017
[Si](C(C)C)(C(C)C)([Si]([Si](C)(C)C)=[Si]([Si](C)(C)C)[Si](C(C)C)(C(C)C)C(C)C)C(C)C,0.448507017
[Si]([Si](C(C)C)(C(C)C)C(C)C)([Si](C)(C)C)=[Si]([Si](C)(C)C)[Si](C(C)C)(C(C)C)C(C)C,0.448507017
c12cc(ccc2=NSS1)=C(C#N)C#N,0.785536969
c1c(cc2SSN=c2c1)=C(C#N)C#N,0.785536969
c1cc(=C(C#N)C#N)cc2c1=NSS2,0.785536969
N1=c2ccc(cc2SS1)=C(C#N)C#N,0.785536969
c1c2c(cc(c1)=C(C#N)C#N)SSN=2,0.785536969
Cc1c[n+]([O-])c(C)c[n+]1[O-],0.709548128
Cc1[n+]([O-])cc([n+]([O-])c1)C,0.709548128
Cc1c[n+]([O-])c(C)c[n+]1[O-],0.709548128
c1[n+](c(C)c[n+]([O-])c1C)[O-],0.709548128
c1([n+]([O-])cc(C)[n+]([O-])c1)C,0.709548128
C(#N)C(=c1ccc(=c2ccc(=C(C#N)C#N)c3nsnc32)c2c1nsn2)C#N,0.410663948
c1cc(c2nsnc2c1=c1ccc(=C(C#N)C#N)c2c1nsn2)=C(C#N)C#N,0.410663948
c12nsnc2c(=C(C#N)C#N)ccc1=c1c2c(nsn2)c(=C(C#N)C#N)cc1,0.410663948
N#CC(C#N)=c1ccc(c2c1nsn2)=c1c2nsnc2c(cc1)=C(C#N)C#N,0.410663948
c1(=C(C#N)C#N)c2nsnc2c(cc1)=c1c2c(c(=C(C#N)C#N)cc1)nsn2,0.410663948
C(#N)C(C#N)=c1c2c(CCC2)c(cc1)=C(C#N)C#N,0.42625989
C(#N)C(=c1ccc(c2CCCc12)=C(C#N)C#N)C#N,0.42625989
C(C(C#N)=c1c2c(CCC2)c(=C(C#N)C#N)cc1)#N,0.42625989
N#CC(=c1ccc(=C(C#N)C#N)c2CCCc21)C#N,0.42625989
c1(=C(C#N)C#N)ccc(=C(C#N)C#N)c2CCCc21,0.42625989
C(=C=C1C=CN(C)C=C1c1c(C)cc(C)cc1C)=C1C(=CN(C=C1)C)c1c(cc(C)cc1C)C,0.802225645
Cc1cc(C)cc(c1C1C(C=CN(C)C=1)=C=C=C1C(=CN(C=C1)C)c1c(C)cc(cc1C)C)C,0.802225645
C(=C1C(=CN(C=C1)C)c1c(cc(cc1C)C)C)=C=C1C=CN(C)C=C1c1c(cc(C)cc1C)C,0.802225645
Cc1cc(cc(C)c1C1=CN(C=CC1=C=C=C1C=CN(C=C1c1c(cc(C)cc1C)C)C)C)C,0.802225645
Cc1c(c(cc(C)c1)C)C1=CN(C)C=CC1=C=C=C1C(c2c(C)cc(C)cc2C)=CN(C)C=C1,0.802225645
c1(c2=NC3([N+](=c2ccc1[N+](=O)[O-])[O-])CCCCC3)N,0.582593484
C1CC2(N=c3c(ccc([N+]([O-])=O)c3N)=[N+]2[O-])CCC1,0.582593484
c1c2=[N+]([O-])C3(N=c2c(c([N+]([O-])=O)c1)N)CCCCC3,0.582593484
C1CCCCC12N=c1c(N)c(ccc1=[N+]2[O-])[N+]([O-])=O,0.582593484
C1CCC2([N+](=c3ccc([N+](=O)[O-])c(N)c3=N2)[O-])CC1,0.582593484
C1c2ccccc2C2(C=1)[N+]([N-]c1ccccc12)=C1c2c(cccc2)C(=C1)c1ccccc1,0.576816206
c12C(c3ccccc3)=CC(=[N+]3[N-]c4c(C35c3ccccc3C=C5)cccc4)c1cccc2,0.576816206
c1cccc2C(c3ccccc3)=CC(=[N+]3[N-]c4c(cccc4)C34c3ccccc3C=C4)c12,0.576816206
[N+]1(=C2C=C(c3ccccc3)c3ccccc32)C2(C=Cc3c2cccc3)c2c([N-]1)cccc2,0.576816206
c12C(C=C(c3ccccc3)c2cccc1)=[N+]1[N-]c2c(cccc2)C21C=Cc1c2cccc1,0.576816206
c1cccc2C3=Nc4n(c(-c5ccccc5)c5ccccc45)[B-](F)(C#N)[N+]3=C(c21)c1ccccc1,0.365501723
F[B-]1(n2c(-c3ccccc3)c3c(c2N=C2[N+]1=C(c1ccccc1)c1c2cccc1)cccc3)C#N,0.365501723
c1c(cccc1)C1=[N+]2C(c3ccccc31)=Nc1n([B-]2(C#N)F)c(-c2ccccc2)c2ccccc12,0.365501723
c1cc2c3n([B-](C#N)([N+]4=C(c5ccccc5C4=N3)c3ccccc3)F)c(-c3ccccc3)c2cc1,0.365501723
F[B-]1(C#N)n2c(-c3ccccc3)c3ccccc3c2N=C2c3ccccc3C(=[N+]12)c1ccccc1,0.365501723
c1c(cccc1)CCCc1c(=C(C#N)C#N)cc(c(=C(C#N)C#N)c1)CCCc1ccccc1,0.382219292
C(C(C#N)=c1cc(CCCc2ccccc2)c(cc1CCCc1ccccc1)=C(C#N)C#N)#N,0.382219292
C(c1ccccc1)CCc1cc(=C(C#N)C#N)c(cc1=C(C#N)C#N)CCCc1ccccc1,0.382219292
N#CC(C#N)=c1cc(c(=C(C#N)C#N)cc1CCCc1ccccc1)CCCc1ccccc1,0.382219292
c1ccccc1CCCc1c(cc(CCCc2ccccc2)c(c1)=C(C#N)C#N)=C(C#N)C#N,0.382219292
N#CC(C#N)=c1cc(OCC#C)c(=C(C#N)C#N)cc1,0.377958848
C(=c1ccc(=C(C#N)C#N)c(c1)OCC#C)(C#N)C#N,0.377958848
C(#N)C(=c1cc(OCC#C)c(=C(C#N)C#N)cc1)C#N,0.377958848
C#CCOc1cc(=C(C#N)C#N)ccc1=C(C#N)C#N,0.377958848
C(C(C#N)=c1cc(OCC#C)c(cc1)=C(C#N)C#N)#N,0.377958848
N#CC(=c1c(OC)cc(=C(C#N)C#N)c(c1)OC)C=C1N(c2ccccc2C1(C)C)C,0.622437602
c1cccc2c1N(C)C(C2(C)C)=CC(C#N)=c1cc(c(=C(C#N)C#N)cc1OC)OC,0.622437602
N#CC(C#N)=c1c(cc(c(c1)OC)=C(C=C1N(C)c2c(C1(C)C)cccc2)C#N)OC,0.622437602
C(C(C#N)=c1cc(OC)c(=C(C#N)C=C2N(c3ccccc3C2(C)C)C)cc1OC)#N,0.622437602
C(=C1N(c2c(cccc2)C1(C)C)C)C(C#N)=c1cc(OC)c(cc1OC)=C(C#N)C#N,0.622437602
c1cc2N(C)C(C(c2cc1)(C)C)=CC(C#N)=c1cc(OCC)c(=C(C#N)C#N)cc1OCC,0.673376002
c1(c(cc(OCC)c(c1)=C(C=C1N(C)c2c(cccc2)C1(C)C)C#N)=C(C#N)C#N)OCC,0.673376002
O(c1cc(=C(C#N)C#N)c(cc1=C(C#N)C=C1N(c2ccccc2C1(C)C)C)OCC)CC,0.673376002
c1(OCC)cc(=C(C#N)C#N)c(cc1=C(C=C1N(c2ccccc2C1(C)C)C)C#N)OCC,0.673376002
c1cc2C(C(=CC(=c3c(OCC)cc(c(c3)OCC)=C(C#N)C#N)C#N)N(c2cc1)C)(C)C,0.673376002
c1cc(ccc1NC1C=CC(C2=C(Nc3ccc(cc3)CCCC)C=CC(C=12)=O)=O)CCCC,0.465015236
C(c1ccc(NC2C=CC(C3=C(C=CC(C=23)=O)Nc2ccc(CCCC)cc2)=O)cc1)CCC,0.465015236
c1(ccc(CCCC)cc1)NC1=C2C(=O)C=CC(=C2C(=O)C=C1)Nc1ccc(cc1)CCCC,0.465015236
C(CCc1ccc(NC2=C3C(=O)C=CC(=C3C(=O)C=C2)Nc2ccc(cc2)CCCC)cc1)C,0.465015236
C1C(=C2C(=C(C=CC2=O)Nc2ccc(cc2)CCCC)C(=O)C=1)Nc1ccc(CCCC)cc1,0.465015236
C[Si](C)(C)OC(C12CC3CC(CC(C3)C1)C2)=[Si]([Si](C)(C)C)[Si](C)(C)C,0.216582335
[Si](C)(C)([Si]([Si](C)(C)C)=C(C12CC3CC(CC(C3)C1)C2)O[Si](C)(C)C)C,0.216582335
C[Si](C)([Si]([Si](C)(C)C)=C(O[Si](C)(C)C)C12CC3CC(CC(C3)C1)C2)C,0.216582335
C(C12CC3CC(C1)CC(C2)C3)(=[Si]([Si](C)(C)C)[Si](C)(C)C)O[Si](C)(C)C,0.216582335
[Si]([Si]([Si](C)(C)C)=C(O[Si](C)(C)C)C12CC3CC(CC(C1)C3)C2)(C)(C)C,0.216582335
C1(=C(O)C(=O)C(=CC1=CC=C1C=C(C(C)(C)C)C(C(=C1C(C)(C)C)O)=O)C(C)(C)C)C(C)(C)C,0.622286962
C1(=C(O)C(C(=CC1=CC=C1C(=C(O)C(=O)C(C(C)(C)C)=C1)C(C)(C)C)C(C)(C)C)=O)C(C)(C)C,0.622286962
C1(=C(C(C(=CC1=CC=C1C=C(C(C)(C)C)C(C(O)=C1C(C)(C)C)=O)C(C)(C)C)=O)O)C(C)(C)C,0.622286962
CC(C)(C)C1C(=O)C(O)=C(C(C)(C)C)C(C=1)=CC=C1C(C(C)(C)C)=C(C(=O)C(C(C)(C)C)=C1)O,0.622286962
C1(C(C(O)=C(C(=CC=C2C=C(C(C)(C)C)C(C(O)=C2C(C)(C)C)=O)C=1)C(C)(C)C)=O)C(C)(C)C,0.622286962
O=C1C2=C(NC(C)C)C=C([Se]c3ccccc3)C(=O)C2=C(NC(C)C)C=C1[Se]c1ccccc1,0.590140497
CC(NC1C=C(C(C2C=1C(C(=CC=2NC(C)C)[Se]c1ccccc1)=O)=O)[Se]c1ccccc1)C,0.590140497
C(C)(NC1=C2C(C(C(=C1)[Se]c1ccccc1)=O)=C(C=C(C2=O)[Se]c1ccccc1)NC(C)C)C,0.590140497
c1cc(ccc1)[Se]C1C(=O)C2=C(NC(C)C)C=C([Se]c3ccccc3)C(C2=C(C=1)NC(C)C)=O,0.590140497
C(C)(C)NC1C=C([Se]c2ccccc2)C(=O)C2=C(NC(C)C)C=C(C(C=12)=O)[Se]c1ccccc1,0.590140497
c1cc(ccc1)C1C(=C2C(=O)N(C)c3c(C)cc(C)cc32)c2c([N+]=1[O-])cccc2,0.653427549
C1(=C2c3c([N+]([O-])=C2c2ccccc2)cccc3)c2c(c(cc(c2)C)C)N(C)C1=O,0.653427549
C1(=C2C(N(c3c(C)cc(cc32)C)C)=O)c2c(cccc2)[N+]([O-])=C1c1ccccc1,0.653427549
c1ccc2C(=C3C(=O)N(C)c4c3cc(C)cc4C)C(=[N+]([O-])c2c1)c1ccccc1,0.653427549
c12ccccc1C(C(=[N+]2[O-])c1ccccc1)=C1C(=O)N(c2c1cc(cc2C)C)C,0.653427549
c12c(C(c3cc4=C(c5ccccc5C(=O)c4cc3=C2c2c(cccc2F)F)c2c(cccc2F)F)=O)cccc1,0.38274713
c1ccc2C(c3c(F)cccc3F)=c3cc4C(c5c(cccc5)C(c5c(F)cccc5F)=c4cc3C(c2c1)=O)=O,0.38274713
Fc1cccc(F)c1C1c2c(C(c3c=1cc1C(c4c(cccc4)C(c4c(cccc4F)F)=c1c3)=O)=O)cccc2,0.38274713
c12c(C(=O)c3c(cc4C(=O)c5ccccc5C(=c4c3)c3c(F)cccc3F)=C1c1c(cccc1F)F)cccc2,0.38274713
O=C1c2c(=C(c3c(cccc3F)F)c3ccccc31)cc1c(c2)=C(c2c(F)cccc2F)c2ccccc2C1=O,0.38274713
CC[Si](CC)(CC)C#CC1c2c(C=Cc3c=1cc1C=Cc4ccccc4C(C#C[Si](CC)(CC)CC)=c1c3)cccc2,0.21319189
c1cccc2c1C(C#C[Si](CC)(CC)CC)=c1c(C=C2)cc2c(c1)C=Cc1ccccc1C=2C#C[Si](CC)(CC)CC,0.21319189
CC[Si](C#CC1c2c(cccc2)C=Cc2c=1cc1c(c2)=C(c2ccccc2C=C1)C#C[Si](CC)(CC)CC)(CC)CC,0.21319189
c12ccccc2C(C#C[Si](CC)(CC)CC)=c2cc3C=Cc4c(C(=c3cc2C=C1)C#C[Si](CC)(CC)CC)cccc4,0.21319189
C1c2c(cccc2)C(=c2c(cc3=C(c4c(cccc4)C=Cc3c2)C#C[Si](CC)(CC)CC)C=1)C#C[Si](CC)(CC)CC,0.21319189
c1(-c2ccccc2)c2ccccc2c2N=C3[N+](=C(c4ccccc4)c4c3cccc4)[B-](n12)(C#N)C#N,0.305742625
c1cc(C2=[N+]3C(c4c2cccc4)=Nc2c4c(c(-c5ccccc5)n2[B-]3(C#N)C#N)cccc4)ccc1,0.305742625
N1c2c3c(c(-c4ccccc4)n2[B-](C#N)(C#N)[N+]2C=1c1c(C=2c2ccccc2)cccc1)cccc3,0.305742625
C(#N)[B-]1(n2c(c3c(cccc3)c2N=C2c3ccccc3C(=[N+]12)c1ccccc1)-c1ccccc1)C#N,0.305742625
c1(-c2ccccc2)c2ccccc2c2N=C3[N+](=C(c4ccccc34)c3ccccc3)[B-](C#N)(C#N)n12,0.305742625
C1CC(C2(C(C)(C1)C)C(=S=O)C=NN2)(C)C,0.327419773
CC1(C)CCCC(C)(C12C(C=NN2)=S=O)C,0.327419773
CC1(C2(C(C)(C)CCC1)NN=CC2=S=O)C,0.327419773
C1CCC(C)(C2(C(=S=O)C=NN2)C1(C)C)C,0.327419773
CC1(CCCC(C)(C)C21C(C=NN2)=S=O)C,0.327419773
C(=O)(C(=c1ccc(=C(C(OC(C)C)=O)C(=O)OC(C)C)cc1)C(OC(C)C)=O)OC(C)C,0.417235373
c1(ccc(cc1)=C(C(OC(C)C)=O)C(=O)OC(C)C)=C(C(OC(C)C)=O)C(OC(C)C)=O,0.417235373
CC(C)OC(=O)C(C(OC(C)C)=O)=c1ccc(cc1)=C(C(=O)OC(C)C)C(=O)OC(C)C,0.417235373
C(=c1ccc(cc1)=C(C(=O)OC(C)C)C(=O)OC(C)C)(C(=O)OC(C)C)C(OC(C)C)=O,0.417235373
O=C(OC(C)C)C(=c1ccc(cc1)=C(C(=O)OC(C)C)C(=O)OC(C)C)C(=O)OC(C)C,0.417235373
C(COC(=O)C(=c1ccc(cc1)=C(C(=O)OCCBr)C(=O)OCCBr)C(=O)OCCBr)Br,0.325938508
c1c(=C(C(OCCBr)=O)C(OCCBr)=O)ccc(=C(C(OCCBr)=O)C(=O)OCCBr)c1,0.325938508
BrCCOC(C(=c1ccc(cc1)=C(C(OCCBr)=O)C(=O)OCCBr)C(=O)OCCBr)=O,0.325938508
O=C(C(C(=O)OCCBr)=c1ccc(cc1)=C(C(=O)OCCBr)C(OCCBr)=O)OCCBr,0.325938508
c1(ccc(=C(C(=O)OCCBr)C(=O)OCCBr)cc1)=C(C(=O)OCCBr)C(=O)OCCBr,0.325938508
c1(=C(C#N)C#N)cc(OCCOC(C)=O)c(=C(C#N)C#N)cc1,0.232355121
O(C(C)=O)CCOc1cc(=C(C#N)C#N)ccc1=C(C#N)C#N,0.232355121
c1cc(cc(c1=C(C#N)C#N)OCCOC(C)=O)=C(C#N)C#N,0.232355121
C(C#N)(C#N)=c1c(cc(=C(C#N)C#N)cc1)OCCOC(C)=O,0.232355121
O(c1c(=C(C#N)C#N)ccc(=C(C#N)C#N)c1)CCOC(C)=O,0.232355121
C1(=CC(=C(C#N)c2ccccc2)C(=CC1=NO)Cl)Cl,0.236664776
C1(C(C=C(C(=C(C#N)c2ccccc2)C=1)Cl)=NO)Cl,0.236664776
C(=C1C(=CC(C(=C1)Cl)=NO)Cl)(C#N)c1ccccc1,0.236664776
ON=C1C(=CC(=C(c2ccccc2)C#N)C(Cl)=C1)Cl,0.236664776
C1(C=C(C(C=C1Cl)=C(C#N)c1ccccc1)Cl)=NO,0.236664776
c1c2C(=O)C(=C3C=C(OC4CCCCC4)c4c(C3=O)cccc4)C=C(c2ccc1)OC1CCCCC1,0.343457129
C1(OC2c3c(cccc3)C(C(=C3C=C(c4c(C3=O)cccc4)OC3CCCCC3)C=2)=O)CCCCC1,0.343457129
C1C(CCCC1)OC1c2c(cccc2)C(C(C=1)=C1C(=O)c2c(cccc2)C(=C1)OC1CCCCC1)=O,0.343457129
C1C(OC2c3c(C(=O)C(=C4C(=O)c5c(cccc5)C(=C4)OC4CCCCC4)C=2)cccc3)CCCC1,0.343457129
c1ccc2c(C(=O)C(=C3C=C(c4c(cccc4)C3=O)OC3CCCCC3)C=C2OC2CCCCC2)c1,0.343457129
c1(nc2c(C3=Nc4c5nc(c(CC)nc5c(-c5ccccc5)n4[B-](F)([N+]3=C2c2ccccc2)F)CC)nc1CC)CC,0.223626537
c1(c(nc2c3N=C4c5nc(CC)c(nc5C(=[N+]4[B-](n3c(-c3ccccc3)c2n1)(F)F)c1ccccc1)CC)CC)CC,0.223626537
c1ccccc1C1=[N+]2[B-](F)(F)n3c(-c4ccccc4)c4c(c3N=C2c2c1nc(CC)c(n2)CC)nc(CC)c(CC)n4,0.223626537
c1ccccc1-c1c2c(nc(CC)c(n2)CC)c2N=C3c4c(C(=[N+]3[B-](F)(n21)F)c1ccccc1)nc(c(CC)n4)CC,0.223626537
n1c2c3n(c(-c4ccccc4)c2nc(CC)c1CC)[B-](F)([N+]1C(c2c(C=1c1ccccc1)nc(CC)c(CC)n2)=N3)F,0.223626537
C1(C(OC)=O)(CC(C=C)[N+](=C2c3c(N(Cc4ccccc4)C2=O)cccc3)[N-]1)C(OC)=O,0.540934305
C(OC)(C1(CC(C=C)[N+]([N-]1)=C1c2c(cccc2)N(C1=O)Cc1ccccc1)C(=O)OC)=O,0.540934305
c1ccccc1CN1C(=O)C(=[N+]2C(C=C)CC(C(OC)=O)(C(OC)=O)[N-]2)c2c1cccc2,0.540934305
COC(=O)C1([N-][N+](=C2C(N(Cc3ccccc3)c3c2cccc3)=O)C(C=C)C1)C(OC)=O,0.540934305
C1(C(OC)=O)(C(=O)OC)[N-][N+](=C2C(=O)N(c3ccccc23)Cc2ccccc2)C(C=C)C1,0.540934305
c1ccc(cc1)COC(=O)C(=c1ccc(cc1)=C(C(=O)OCc1ccccc1)C(OCc1ccccc1)=O)C(=O)OCc1ccccc1,0.250212203
c1(COC(C(C(OCc2ccccc2)=O)=c2ccc(cc2)=C(C(=O)OCc2ccccc2)C(OCc2ccccc2)=O)=O)ccccc1,0.250212203
c1ccc(cc1)COC(C(C(=O)OCc1ccccc1)=c1ccc(=C(C(=O)OCc2ccccc2)C(=O)OCc2ccccc2)cc1)=O,0.250212203
c1cccc(c1)COC(C(C(OCc1ccccc1)=O)=c1ccc(=C(C(=O)OCc2ccccc2)C(=O)OCc2ccccc2)cc1)=O,0.250212203
C(=c1ccc(cc1)=C(C(=O)OCc1ccccc1)C(OCc1ccccc1)=O)(C(OCc1ccccc1)=O)C(=O)OCc1ccccc1,0.250212203
c1c(C2C(=O)Sc3cc4c(cc3=2)SC(=O)C=4c2sc([Si](C(C)C)(C(C)C)C(C)C)cc2)sc([Si](C(C)C)(C(C)C)C(C)C)c1,0.358227912
CC(C)[Si](C(C)C)(c1sc(C2C(Sc3c=2cc2SC(C(=c2c3)c2sc(cc2)[Si](C(C)C)(C(C)C)C(C)C)=O)=O)cc1)C(C)C,0.358227912
CC(C)[Si](C(C)C)(c1ccc(C2=c3c(cc4=C(C(=O)Sc4c3)c3ccc([Si](C(C)C)(C(C)C)C(C)C)s3)SC2=O)s1)C(C)C,0.358227912
C1(C(=c2cc3c(cc2S1)=C(C(=O)S3)c1sc([Si](C(C)C)(C(C)C)C(C)C)cc1)c1sc(cc1)[Si](C(C)C)(C(C)C)C(C)C)=O,0.358227912
c1c2c(cc3c1SC(=O)C=3c1ccc(s1)[Si](C(C)C)(C(C)C)C(C)C)SC(=O)C=2c1sc(cc1)[Si](C(C)C)(C(C)C)C(C)C,0.358227912
c12ccccc2C(=O)C(=C2C=C(OCCCCCC)c3ccccc3C2=O)C=C1OCCCCCC,0.289218467
C1(C(=C2C(=O)c3c(cccc3)C(=C2)OCCCCCC)C=C(c2c1cccc2)OCCCCCC)=O,0.289218467
c1cc2c(cc1)C(=CC(C2=O)=C1C=C(OCCCCCC)c2c(cccc2)C1=O)OCCCCCC,0.289218467
C1(=O)c2ccccc2C(=CC1=C1C=C(OCCCCCC)c2ccccc2C1=O)OCCCCCC,0.289218467
C1(=C2C(=O)c3c(C(OCCCCCC)=C2)cccc3)C(=O)c2c(C(=C1)OCCCCCC)cccc2,0.289218467
c1cc2C(OCC)=CC(C(=O)c2cc1)=C1C(=O)c2c(cccc2)C(=C1)OCC,0.27054008
C1(c2c(cccc2)C(C(=C2C=C(c3ccccc3C2=O)OCC)C=1)=O)OCC,0.27054008
O=C1c2c(cccc2)C(OCC)=CC1=C1C=C(OCC)c2c(C1=O)cccc2,0.27054008
CCOC1c2ccccc2C(C(=C2C=C(OCC)c3c(cccc3)C2=O)C=1)=O,0.27054008
c12c(cccc2)C(=CC(C1=O)=C1C(c2c(cccc2)C(=C1)OCC)=O)OCC,0.27054008
C1(Oc2c(cc3c(=C(O)C(O3)=O)c2)=C1c1ccccc1)=O,0.171508699
O1C(=O)C(=c2c1cc1c(c2)OC(C=1c1ccccc1)=O)O,0.171508699
C1(O)=c2cc3OC(=O)C(=c3cc2OC1=O)c1ccccc1,0.171508699
O=C1Oc2cc3=C(C(=O)Oc3cc2=C1c1ccccc1)O,0.171508699
O1c2cc3=C(O)C(=O)Oc3cc2=C(C1=O)c1ccccc1,0.171508699
C(C)(C)OC1c2ccccc2C(C(=C2C(=O)c3c(C(OC(C)C)=C2)cccc3)C=1)=O,0.244271574
c1cc2c(C(=CC(=C3C(c4c(C(=C3)OC(C)C)cccc4)=O)C2=O)OC(C)C)cc1,0.244271574
O(C1c2ccccc2C(=O)C(=C2C(=O)c3c(cccc3)C(=C2)OC(C)C)C=1)C(C)C,0.244271574
O=C1C(=C2C=C(OC(C)C)c3c(C2=O)cccc3)C=C(c2ccccc12)OC(C)C,0.244271574
O=C1c2ccccc2C(OC(C)C)=CC1=C1C=C(c2ccccc2C1=O)OC(C)C,0.244271574
O=C(C(=c1ccc(=C(C(=O)OC)C(=O)OC)cc1)C(=O)OC)OC,0.360031118
C(OC)(C(C(=O)OC)=c1ccc(cc1)=C(C(=O)OC)C(=O)OC)=O,0.360031118
O=C(OC)C(C(OC)=O)=c1ccc(cc1)=C(C(=O)OC)C(OC)=O,0.360031118
COC(=O)C(C(=O)OC)=c1ccc(=C(C(OC)=O)C(OC)=O)cc1,0.360031118
O(C(=O)C(=c1ccc(cc1)=C(C(=O)OC)C(OC)=O)C(OC)=O)C,0.360031118
c1cc2c(C(=CC(=C3C=C(c4c(cccc4)C3=O)OC)C2=O)OC)cc1,0.177298162
c1c2c(C(OC)=CC(=C3C=C(c4ccccc4C3=O)OC)C2=O)ccc1,0.177298162
c1c2C(=CC(=C3C(c4c(C(OC)=C3)cccc4)=O)C(=O)c2ccc1)OC,0.177298162
C1C(C(=O)c2c(cccc2)C=1OC)=C1C=C(c2ccccc2C1=O)OC,0.177298162
c12c(cccc1)C(OC)=CC(=C1C(=O)c3c(C(=C1)OC)cccc3)C2=O,0.177298162
CSC1SC(=c2ccc(cc2)=C(C#N)C#N)SC=1SC,0.457905798
S(C)C1=C(SC(S1)=c1ccc(cc1)=C(C#N)C#N)SC,0.457905798
N#CC(=c1ccc(cc1)=C1SC(SC)=C(SC)S1)C#N,0.457905798
C(C(C#N)=c1ccc(=C2SC(SC)=C(SC)S2)cc1)#N,0.457905798
S(C1SC(=c2ccc(=C(C#N)C#N)cc2)SC=1SC)C,0.457905798
COC(C(=c1ccc(=C(C(OC)=O)C(=O)OCCBr)cc1)C(OC)=O)=O,0.465606879
c1cc(=C(C(=O)OC)C(OC)=O)ccc1=C(C(OC)=O)C(=O)OCCBr,0.465606879
C(Br)COC(C(=c1ccc(=C(C(=O)OC)C(OC)=O)cc1)C(OC)=O)=O,0.465606879
c1c(ccc(=C(C(=O)OC)C(OCCBr)=O)c1)=C(C(OC)=O)C(=O)OC,0.465606879
COC(C(=c1ccc(=C(C(OCCBr)=O)C(=O)OC)cc1)C(=O)OC)=O,0.465606879
[O-][N+]1=C(c2ccccc2)C(=C(C#N)C#N)c2ccccc12,0.522959412
[N+]1([O-])c2ccccc2C(C=1c1ccccc1)=C(C#N)C#N,0.522959412
c1c2c(C(C(=[N+]2[O-])c2ccccc2)=C(C#N)C#N)ccc1,0.522959412
C(C#N)(=C1c2c(cccc2)[N+]([O-])=C1c1ccccc1)C#N,0.522959412
c1cc(C2C(=C(C#N)C#N)c3ccccc3[N+]=2[O-])ccc1,0.522959412
O=C(c1c2c(n(c1-c1ccccc1)C)C(C(=CC2=C1c2c(n(C)c(-c3ccccc3)c2C(OCC)=O)C(C(C)=C1)=O)C)=O)OCC,0.479594808
c12C(C=C(C)C(c1n(C)c(c2C(=O)OCC)-c1ccccc1)=O)=C1C=C(C)C(c2n(c(c(c12)C(OCC)=O)-c1ccccc1)C)=O,0.479594808
c1ccccc1-c1n(c2c(C(C=C(C2=O)C)=C2C=C(C)C(=O)c3n(C)c(c(C(OCC)=O)c23)-c2ccccc2)c1C(=O)OCC)C,0.479594808
c1(C(OCC)=O)c2C(=C3c4c(n(c(-c5ccccc5)c4C(OCC)=O)C)C(=O)C(=C3)C)C=C(C(=O)c2n(c1-c1ccccc1)C)C,0.479594808
c1ccccc1-c1c(C(=O)OCC)c2c(C(=O)C(C)=CC2=C2c3c(C(=O)C(=C2)C)n(C)c(-c2ccccc2)c3C(=O)OCC)n1C,0.479594808
c1cc(=C(C(OCC)=O)C(OCC)=O)ccc1=C(C(OCC)=O)C(OCC)=O,0.292738108
C(OC(C(=c1ccc(=C(C(=O)OCC)C(OCC)=O)cc1)C(=O)OCC)=O)C,0.292738108
c1c(ccc(c1)=C(C(=O)OCC)C(OCC)=O)=C(C(=O)OCC)C(OCC)=O,0.292738108
c1c(=C(C(OCC)=O)C(=O)OCC)ccc(c1)=C(C(=O)OCC)C(=O)OCC,0.292738108
O(CC)C(=O)C(=c1ccc(=C(C(=O)OCC)C(=O)OCC)cc1)C(=O)OCC,0.292738108
C(=O)(OCCOC)C(=c1ccc(cc1)=C(C(OCCOC)=O)C(=O)OCCOC)C(=O)OCCOC,0.229653454
C(=c1ccc(cc1)=C(C(OCCOC)=O)C(OCCOC)=O)(C(OCCOC)=O)C(OCCOC)=O,0.229653454
O=C(C(C(OCCOC)=O)=c1ccc(=C(C(OCCOC)=O)C(=O)OCCOC)cc1)OCCOC,0.229653454
C(COC)OC(C(=c1ccc(=C(C(=O)OCCOC)C(=O)OCCOC)cc1)C(=O)OCCOC)=O,0.229653454
C(=O)(C(=c1ccc(cc1)=C(C(OCCOC)=O)C(OCCOC)=O)C(=O)OCCOC)OCCOC,0.229653454
[n+]1([O-])onc2c(F)cccc21,0.467203778
c12cccc(F)c1no[n+]2[O-],0.467203778
c1(c2c([n+](on2)[O-])ccc1)F,0.467203778
c1cc(c2no[n+](c2c1)[O-])F,0.467203778
Fc1cccc2[n+](onc12)[O-],0.467203778
c1cc(ccc1)COC(C(=c1ccc(cc1)=C(C(=O)OCc1c(F)c(c(F)c(c1F)F)F)C(OCc1c(c(F)c(F)c(c1F)F)F)=O)C(OCc1ccccc1)=O)=O,0.627248518
c1cc(ccc1)COC(=O)C(C(OCc1ccccc1)=O)=c1ccc(cc1)=C(C(OCc1c(c(F)c(F)c(c1F)F)F)=O)C(=O)OCc1c(F)c(F)c(c(F)c1F)F,0.627248518
Fc1c(c(c(c(F)c1COC(C(=c1ccc(cc1)=C(C(OCc1ccccc1)=O)C(OCc1ccccc1)=O)C(OCc1c(F)c(F)c(F)c(F)c1F)=O)=O)F)F)F,0.627248518
O(Cc1ccccc1)C(C(=c1ccc(cc1)=C(C(=O)OCc1c(F)c(c(F)c(F)c1F)F)C(=O)OCc1c(c(F)c(c(c1F)F)F)F)C(OCc1ccccc1)=O)=O,0.627248518
c1(c(c(COC(=O)C(=c2ccc(cc2)=C(C(OCc2ccccc2)=O)C(OCc2ccccc2)=O)C(=O)OCc2c(c(c(c(c2F)F)F)F)F)c(F)c(F)c1F)F)F,0.627248518
c1c(sc(C2=CC(C(=O)S2)=C2C=C(c3ccc(s3)[Si](C(C)(C)C)(C)C)SC2=O)c1)[Si](C)(C)C(C)(C)C,0.286640321
C1(=O)SC(=CC1=C1C(SC(=C1)c1sc([Si](C)(C)C(C)(C)C)cc1)=O)c1ccc(s1)[Si](C(C)(C)C)(C)C,0.286640321
[Si](c1sc(C2SC(C(=C3C(=O)SC(=C3)c3sc([Si](C)(C)C(C)(C)C)cc3)C=2)=O)cc1)(C)(C(C)(C)C)C,0.286640321
C[Si](c1ccc(C2SC(C(C=2)=C2C=C(SC2=O)c2sc(cc2)[Si](C)(C(C)(C)C)C)=O)s1)(C(C)(C)C)C,0.286640321
C1(c2ccc([Si](C(C)(C)C)(C)C)s2)SC(C(C=1)=C1C(SC(=C1)c1ccc(s1)[Si](C(C)(C)C)(C)C)=O)=O,0.286640321
c1(ccc(cc1)=C(C#N)C#N)=C1SC(=C(SCCCCC)S1)SCCCCC,0.3895571
C(C)CCCSC1=C(SC(S1)=c1ccc(=C(C#N)C#N)cc1)SCCCCC,0.3895571
C(C)CCCSC1=C(SCCCCC)SC(=c2ccc(=C(C#N)C#N)cc2)S1,0.3895571
S(C1SC(SC=1SCCCCC)=c1ccc(cc1)=C(C#N)C#N)CCCCC,0.3895571
S(C1SC(SC=1SCCCCC)=c1ccc(cc1)=C(C#N)C#N)CCCCC,0.3895571
c1(C)ccc(cc1)C(=C1SC(C=C1)=Pc1c(cc(C(C)(C)C)cc1C(C)(C)C)C(C)(C)C)c1ccc(cc1)C,0.194211273
CC(c1cc(C(C)(C)C)cc(c1P=C1C=CC(S1)=C(c1ccc(cc1)C)c1ccc(cc1)C)C(C)(C)C)(C)C,0.194211273
c1c(C)ccc(c1)C(c1ccc(cc1)C)=C1C=CC(=Pc2c(cc(cc2C(C)(C)C)C(C)(C)C)C(C)(C)C)S1,0.194211273
Cc1ccc(C(=C2C=CC(=Pc3c(cc(cc3C(C)(C)C)C(C)(C)C)C(C)(C)C)S2)c2ccc(C)cc2)cc1,0.194211273
Cc1ccc(cc1)C(=C1SC(C=C1)=Pc1c(cc(C(C)(C)C)cc1C(C)(C)C)C(C)(C)C)c1ccc(cc1)C,0.194211273
c1(ccc(cc1)=C(C#N)C#N)=C(c1ccc(N(C)C)cc1)C#N,0.462976783
c1(ccc(cc1)C(C#N)=c1ccc(=C(C#N)C#N)cc1)N(C)C,0.462976783
c1(N(C)C)ccc(cc1)C(=c1ccc(cc1)=C(C#N)C#N)C#N,0.462976783
c1c(ccc(=C(C#N)c2ccc(N(C)C)cc2)c1)=C(C#N)C#N,0.462976783
N#CC(=c1ccc(cc1)=C(C#N)c1ccc(cc1)N(C)C)C#N,0.462976783
C1(C2=Nc3n([B-](F)([N+]2=C(c2c(OC)cccc2)C=1)F)c(cc3-c1ccc(C#N)cc1)-c1ccccc1OC)c1ccc(C#N)cc1,0.138545449
c1cccc(C2C=C(C3=Nc4c(-c5ccc(C#N)cc5)cc(n4[B-](F)(F)[N+]3=2)-c2ccccc2OC)c2ccc(C#N)cc2)c1OC,0.138545449
c1cc(-c2n3[B-]([N+]4=C(c5c(OC)cccc5)C=C(c5ccc(cc5)C#N)C4=Nc3c(-c3ccc(C#N)cc3)c2)(F)F)c(OC)cc1,0.138545449
c1cc(C#N)ccc1-c1cc(-c2ccccc2OC)n2c1N=C1C(c3ccc(C#N)cc3)=CC(c3c(OC)cccc3)=[N+]1[B-]2(F)F,0.138545449
F[B-]1(F)[N+]2=C(C=C(c3ccc(C#N)cc3)C2=Nc2n1c(cc2-c1ccc(C#N)cc1)-c1ccccc1OC)c1ccccc1OC,0.138545449
C(#N)C(=c1ccc(cc1)=C(C#N)c1ccc(N(CCC)CCC)cc1)C#N,0.420044789
c1c(ccc(=C(C#N)C#N)c1)=C(c1ccc(cc1)N(CCC)CCC)C#N,0.420044789
c1(=C(C#N)C#N)ccc(=C(C#N)c2ccc(N(CCC)CCC)cc2)cc1,0.420044789
C(CN(c1ccc(cc1)C(C#N)=c1ccc(cc1)=C(C#N)C#N)CCC)C,0.420044789
c1c(C(=c2ccc(=C(C#N)C#N)cc2)C#N)ccc(c1)N(CCC)CCC,0.420044789
c1(F)c(F)c(COC(=O)C(=c2ccc(=C(C(=O)OCc3c(F)c(F)c(F)c(c3F)F)C(=O)OCc3c(F)c(c(c(c3F)F)F)F)cc2)C(OCc2c(c(c(c(F)c2F)F)F)F)=O)c(c(c1F)F)F,0.400545811
c1(COC(C(C(OCc2c(c(F)c(c(c2F)F)F)F)=O)=c2ccc(cc2)=C(C(OCc2c(c(F)c(c(c2F)F)F)F)=O)C(OCc2c(F)c(F)c(F)c(c2F)F)=O)=O)c(c(c(c(c1F)F)F)F)F,0.400545811
Fc1c(c(c(F)c(COC(=O)C(C(OCc2c(F)c(F)c(c(c2F)F)F)=O)=c2ccc(cc2)=C(C(OCc2c(c(F)c(c(F)c2F)F)F)=O)C(OCc2c(F)c(F)c(c(c2F)F)F)=O)c1F)F)F,0.400545811
O(C(=O)C(C(=O)OCc1c(F)c(c(F)c(F)c1F)F)=c1ccc(cc1)=C(C(=O)OCc1c(c(F)c(F)c(c1F)F)F)C(=O)OCc1c(F)c(c(c(F)c1F)F)F)Cc1c(c(F)c(c(F)c1F)F)F,0.400545811
c1cc(ccc1=C(C(OCc1c(F)c(c(F)c(F)c1F)F)=O)C(=O)OCc1c(F)c(F)c(c(c1F)F)F)=C(C(=O)OCc1c(c(c(c(c1F)F)F)F)F)C(=O)OCc1c(c(F)c(c(F)c1F)F)F,0.400545811
[Si]1(C)([Si]([Si](C)(C)C)=C(O[Si]([Si]1([Si](C)(C)C)[Si](C)(C)C)(C)C)C12CC3CC(C1)CC(C3)C2)C,0.124794541
[Si]1([Si]([Si](C)(C)C)([Si](C)(C)[Si](=C(C23CC4CC(C3)CC(C2)C4)O1)[Si](C)(C)C)[Si](C)(C)C)(C)C,0.124794541
[Si]1([Si](C)(C)C)([Si](C)(OC(C23CC4CC(CC(C3)C4)C2)=[Si]([Si](C)(C)C)[Si]1(C)C)C)[Si](C)(C)C,0.124794541
C[Si](C)([Si]1([Si]([Si]([Si](C)(C)C)=C(O[Si]1(C)C)C12CC3CC(C2)CC(C3)C1)(C)C)[Si](C)(C)C)C,0.124794541
C[Si]([Si]1([Si](C)(C)C)[Si](C)([Si]([Si](C)(C)C)=C(C23CC4CC(CC(C4)C2)C3)O[Si]1(C)C)C)(C)C,0.124794541
c12cc(OC)ccc1-c1c(cc3C(C=O)=C4[N+](=C5C(=C4)CCc4cc(ccc45)OC)[B-](n31)(F)F)CC2,0.085858446
c1c(ccc2c1CCc1c-2n2c(C(=C3C=C4C(c5ccc(OC)cc5CC4)=[N+]3[B-]2(F)F)C=O)c1)OC,0.085858446
c1cc2c(CCc3cc4C(=C5C=C6CCc7c(ccc(OC)c7)C6=[N+]5[B-](F)(F)n4c-23)C=O)cc1OC,0.085858446
C1C2=C(c3n(c4c(CCc5cc(OC)ccc-45)c3)[B-](F)(F)[N+]2=C2c3ccc(cc3CCC2=1)OC)C=O,0.085858446
F[B-]1(n2c3c(cc2C(=C2C=C4CCc5c(C4=[N+]21)ccc(c5)OC)C=O)CCc1c-3ccc(OC)c1)F,0.085858446
c1(SCCCC)sc(C2SC(=O)C(C=2)=C2C(=O)SC(c3sc(SCCCC)cc3)=C2)cc1,0.104540629
O=C1C(=C2C(SC(=C2)c2sc(SCCCC)cc2)=O)C=C(S1)c1ccc(s1)SCCCC,0.104540629
C1=C(SC(C1=C1C(SC(=C1)c1sc(SCCCC)cc1)=O)=O)c1sc(SCCCC)cc1,0.104540629
C1(C(SC(c2sc(cc2)SCCCC)=C1)=O)=C1C(=O)SC(c2sc(cc2)SCCCC)=C1,0.104540629
C1(=C2C(=O)SC(c3sc(SCCCC)cc3)=C2)C(=O)SC(c2sc(cc2)SCCCC)=C1,0.104540629
C(=O)(C(=c1ccc(s1)=c1ccc(=C(C(=O)CC)C#N)s1)Cc1c(Cl)cccc1)CC,0.105106123
c1(=C(C(CC)=O)Cc2c(Cl)cccc2)sc(cc1)=c1sc(=C(C(=O)CC)C#N)cc1,0.105106123
c1cccc(c1Cl)CC(=c1sc(=c2sc(=C(C#N)C(CC)=O)cc2)cc1)C(=O)CC,0.105106123
O=C(CC)C(C#N)=c1sc(cc1)=c1sc(cc1)=C(C(CC)=O)Cc1ccccc1Cl,0.105106123
c1cc(CC(C(CC)=O)=c2sc(cc2)=c2sc(cc2)=C(C(CC)=O)C#N)c(cc1)Cl,0.105106123
C1C(=C2C=C(C(=O)C=C2)N)C=C(OC=1c1ccccc1)c1ccccc1,0.401008518
C1(C=CC(C(N)=C1)=O)=C1C=C(c2ccccc2)OC(=C1)c1ccccc1,0.401008518
c1c(C2=CC(C=C(c3ccccc3)O2)=C2C=C(N)C(=O)C=C2)cccc1,0.401008518
c1(ccccc1)C1OC(c2ccccc2)=CC(C=1)=C1C=CC(C(N)=C1)=O,0.401008518
c1ccccc1C1=CC(C=C(c2ccccc2)O1)=C1C=C(N)C(=O)C=C1,0.401008518
c1cc2c(no[n+]2[O-])cc1,0.411272762
n1c2c(cccc2)[n+](o1)[O-],0.411272762
c1c2[n+]([O-])onc2ccc1,0.411272762
c1c2no[n+](c2ccc1)[O-],0.411272762
o1nc2c([n+]1[O-])cccc2,0.411272762
C[Si](C)(C)c1oc(C(=C=C=C(c2oc([Si](C)(C)C)cc2)c2ccc([Si](C)(C)C)o2)c2oc(cc2)[Si](C)(C)C)cc1,0.20315234
c1c([Si](C)(C)C)oc(C(c2oc([Si](C)(C)C)cc2)=C=C=C(c2ccc(o2)[Si](C)(C)C)c2oc(cc2)[Si](C)(C)C)c1,0.20315234
c1cc(C(c2ccc([Si](C)(C)C)o2)=C=C=C(c2oc([Si](C)(C)C)cc2)c2ccc([Si](C)(C)C)o2)oc1[Si](C)(C)C,0.20315234
C[Si](C)(C)c1ccc(C(c2oc([Si](C)(C)C)cc2)=C=C=C(c2oc([Si](C)(C)C)cc2)c2oc([Si](C)(C)C)cc2)o1,0.20315234
c1([Si](C)(C)C)oc(C(c2ccc(o2)[Si](C)(C)C)=C=C=C(c2oc(cc2)[Si](C)(C)C)c2oc(cc2)[Si](C)(C)C)cc1,0.20315234
C[Si](C)(C)C#CC(C#C[Si](C)(C)C)=C=C=C(C#C[Si](C)(C)C)C#C[Si](C)(C)C,0.185538848
C[Si](C#CC(=C=C=C(C#C[Si](C)(C)C)C#C[Si](C)(C)C)C#C[Si](C)(C)C)(C)C,0.185538848
C(#C[Si](C)(C)C)C(=C=C=C(C#C[Si](C)(C)C)C#C[Si](C)(C)C)C#C[Si](C)(C)C,0.185538848
C(C#C[Si](C)(C)C)(C#C[Si](C)(C)C)=C=C=C(C#C[Si](C)(C)C)C#C[Si](C)(C)C,0.185538848
C(C(C#C[Si](C)(C)C)=C=C=C(C#C[Si](C)(C)C)C#C[Si](C)(C)C)#C[Si](C)(C)C,0.185538848
C1(C=C(SC1=O)c1sc(CCCCC)cc1)=C1C=C(c2sc(cc2)CCCCC)SC1=O,0.293473665
O=C1SC(c2sc(cc2)CCCCC)=CC1=C1C(=O)SC(c2ccc(s2)CCCCC)=C1,0.293473665
C1(SC(c2ccc(s2)CCCCC)=CC1=C1C(=O)SC(=C1)c1ccc(s1)CCCCC)=O,0.293473665
C1(c2ccc(CCCCC)s2)=CC(=C2C=C(SC2=O)c2sc(CCCCC)cc2)C(=O)S1,0.293473665
C1(C(C=C(c2sc(cc2)CCCCC)S1)=C1C=C(SC1=O)c1sc(cc1)CCCCC)=O,0.293473665
C(C(C#N)=c1cc2SSN=c2c2nsnc12)#N,0.310962996
s1nc2c3=NSSc3cc(c2n1)=C(C#N)C#N,0.310962996
N#CC(C#N)=c1cc2c(c3nsnc13)=NSS2,0.310962996
S1Sc2c(=N1)c1c(c(c2)=C(C#N)C#N)nsn1,0.310962996
n1snc2c(cc3SSN=c3c12)=C(C#N)C#N,0.310962996
c1c(cc(c(c1C(C)(C)C)[As]=C1c2c(ccc(Br)c2)-c2ccc(Br)cc12)C(C)(C)C)C(C)(C)C,0.117212612
CC(C)(C)c1cc(C(C)(C)C)c(c(c1)C(C)(C)C)[As]=C1c2cc(Br)ccc2-c2c1cc(cc2)Br,0.117212612
Brc1ccc2c(C(c3cc(Br)ccc3-2)=[As]c2c(cc(C(C)(C)C)cc2C(C)(C)C)C(C)(C)C)c1,0.117212612
CC(C)(c1c([As]=C2c3cc(ccc3-c3ccc(cc23)Br)Br)c(cc(C(C)(C)C)c1)C(C)(C)C)C,0.117212612
c1c(Br)ccc2-c3ccc(Br)cc3C(c21)=[As]c1c(cc(C(C)(C)C)cc1C(C)(C)C)C(C)(C)C,0.117212612
C1C2C3(C4CC(CC1C4)C2)[Si]1(C2([Si]31[Si](C)(C(C)(C)C)C)C1CC3CC(CC2C3)C1)[Si](C)(C)C(C)(C)C,0.40433798
CC(C)([Si](C)(C)[Si]12C3([Si]2([Si](C)(C(C)(C)C)C)C12C1CC4CC2CC(C4)C1)C1CC2CC(CC3C2)C1)C,0.40433798
C1C2CC3CC1CC(C2)C13[Si]2(C3([Si]21[Si](C(C)(C)C)(C)C)C1CC2CC3CC(C2)C1)[Si](C)(C(C)(C)C)C,0.40433798
C12([Si]3(C4([Si]32[Si](C)(C(C)(C)C)C)C2CC3CC(CC4C3)C2)[Si](C)(C(C)(C)C)C)C2CC3CC1CC(C3)C2,0.40433798
CC(C)(C)[Si](C)(C)[Si]12[Si]([Si](C(C)(C)C)(C)C)(C13C1CC4CC3CC(C4)C1)C12C2CC3CC(CC1C3)C2,0.40433798
c1c(I)c(cc2c1no[n+]2[O-])C,0.414661983
c1c2c(no[n+]2[O-])cc(I)c1C,0.414661983
c1(c(cc2c(c1)[n+](on2)[O-])I)C,0.414661983
c1(I)cc2no[n+](c2cc1C)[O-],0.414661983
[n+]1([O-])c2c(no1)cc(I)c(c2)C,0.414661983
c1c2no[n+](c2cc(c1Br)C)[O-],0.431343153
Brc1c(cc2[n+]([O-])onc2c1)C,0.431343153
Brc1cc2no[n+]([O-])c2cc1C,0.431343153
[n+]1([O-])c2c(cc(Br)c(c2)C)no1,0.431343153
c1c2c([n+](on2)[O-])cc(c1Br)C,0.431343153
c12[n+]([O-])onc2c(Cl)cc(Cl)c1,0.307404375
c12c(cc(Cl)cc1Cl)[n+](on2)[O-],0.307404375
c1c(Cl)cc2c(c1Cl)no[n+]2[O-],0.307404375
Clc1cc2c(no[n+]2[O-])c(Cl)c1,0.307404375
c12c(no[n+]1[O-])c(Cl)cc(Cl)c2,0.307404375
c1cc2c(cc1Br)no[n+]2[O-],0.408922193
c12c([n+]([O-])on2)ccc(c1)Br,0.408922193
Brc1cc2c(cc1)[n+](on2)[O-],0.408922193
[O-][n+]1onc2c1ccc(c2)Br,0.408922193
Brc1ccc2c(c1)no[n+]2[O-],0.408922193
C(=C1C=CC=N1)(c1ccc[nH]1)c1c(-c2ccc(C)cc2)c2n([B-](F)([N+]3=C(C=C(C3=N2)c2ccc(cc2)C)c2ccc(cc2)C)F)c1-c1ccc(cc1)C,0.073329685
c1(ccc(-c2c(C(c3[nH]ccc3)=C3C=CC=N3)c(-c3ccc(C)cc3)n3c2N=C2[N+]([B-]3(F)F)=C(c3ccc(cc3)C)C=C2c2ccc(C)cc2)cc1)C,0.073329685
c1(c2n([B-](F)(F)[N+]3=C(c4ccc(cc4)C)C=C(C3=N2)c2ccc(C)cc2)c(-c2ccc(cc2)C)c1C(=C1C=CC=N1)c1[nH]ccc1)-c1ccc(C)cc1,0.073329685
c12N=C3C(=CC(=[N+]3[B-](F)(F)n2c(c(C(=C2N=CC=C2)c2[nH]ccc2)c1-c1ccc(C)cc1)-c1ccc(C)cc1)c1ccc(C)cc1)c1ccc(cc1)C,0.073329685
C(c1c(c2n(c1-c1ccc(C)cc1)[B-](F)([N+]1C(C(c3ccc(C)cc3)=CC=1c1ccc(cc1)C)=N2)F)-c1ccc(cc1)C)(c1ccc[nH]1)=C1C=CC=N1,0.073329685
C1C(=C2c3c4c(ccc3)cccc4C2=C2C=C(C(=O)C(C(C)(C)C)=C2)C(C)(C)C)C=C(C(C)(C)C)C(C=1C(C)(C)C)=O,0.26048556
C1(C=C(C(C(=C1)C(C)(C)C)=O)C(C)(C)C)=C1c2c3c(cccc3C1=C1C=C(C(C)(C)C)C(C(C(C)(C)C)=C1)=O)ccc2,0.26048556
CC(C1C(C(C(C)(C)C)=CC(C=1)=C1C(=C2C=C(C(C)(C)C)C(C(=C2)C(C)(C)C)=O)c2c3c(ccc2)cccc31)=O)(C)C,0.26048556
O=C1C(=CC(C=C1C(C)(C)C)=C1c2c3c(ccc2)cccc3C1=C1C=C(C(=O)C(C(C)(C)C)=C1)C(C)(C)C)C(C)(C)C,0.26048556
C1(C=C(C(C)(C)C)C(C(C(C)(C)C)=C1)=O)=C1C(c2c3c1cccc3ccc2)=C1C=C(C(C(C(C)(C)C)=C1)=O)C(C)(C)C,0.26048556
c1cc2C3c4ccc(C(C)(C)C)n4[B-](F)([N+]4C=3[N+]([B-](n2c1C(C)(C)C)(F)F)=NN=4)F,0.076327832
CC(C)(C)c1n2c(cc1)C1c3n([B-]([N+]4=NN=[N+](C4=1)[B-]2(F)F)(F)F)c(C(C)(C)C)cc3,0.076327832
c1c(n2[B-](F)(F)[N+]3=NN=[N+]4[B-](n5c(C(=C43)c2c1)ccc5C(C)(C)C)(F)F)C(C)(C)C,0.076327832
c1(C(C)(C)C)ccc2C3c4ccc(n4[B-]([N+]4C=3[N+](=NN=4)[B-](n21)(F)F)(F)F)C(C)(C)C,0.076327832
CC(C)(C)c1n2[B-](F)(F)[N+]3=NN=[N+]4[B-](F)(n5c(ccc5C(C)(C)C)C(c2cc1)=C34)F,0.076327832
c1(C)ccc2c(c1)no[n+]2[O-],0.399319952
Cc1ccc2c(no[n+]2[O-])c1,0.399319952
o1nc2c([n+]1[O-])ccc(c2)C,0.399319952
[n+]1([O-])onc2c1ccc(c2)C,0.399319952
c1c2no[n+]([O-])c2ccc1C,0.399319952
c1c2[n+]([O-])onc2cc(C2C(=C(C)NC(C)=C2C(OC)=O)C(OC)=O)c1,0.297084729
C(=O)(OC)C1C(c2cc3no[n+](c3cc2)[O-])C(=C(NC=1C)C)C(OC)=O,0.297084729
[n+]1(onc2cc(C3C(=C(C)NC(=C3C(OC)=O)C)C(=O)OC)ccc21)[O-],0.297084729
[n+]1([O-])onc2cc(ccc21)C1C(C(=O)OC)=C(NC(C)=C1C(OC)=O)C,0.297084729
c1c(cc2c(c1)[n+]([O-])on2)C1C(C(=O)OC)=C(NC(C)=C1C(=O)OC)C,0.297084729
c1ccccc1[B-]1(n2c(N=C3[N+]1=C(C=C3c1ccc(C)cc1)c1ccc(C)cc1)c(cc2-c1ccc(C)cc1)-c1ccc(C)cc1)O,0.107420117
c1(C2C3[N+](=C(C=2)c2ccc(cc2)C)[B-](c2ccccc2)(n2c(cc(-c4ccc(C)cc4)c2N=3)-c2ccc(C)cc2)O)ccc(cc1)C,0.107420117
c1cc(ccc1)[B-]1([N+]2C(C(=CC=2c2ccc(C)cc2)c2ccc(C)cc2)=Nc2n1c(-c1ccc(cc1)C)cc2-c1ccc(C)cc1)O,0.107420117
O[B-]1(c2ccccc2)n2c(c(-c3ccc(C)cc3)cc2-c2ccc(cc2)C)N=C2[N+]1=C(c1ccc(C)cc1)C=C2c1ccc(C)cc1,0.107420117
c1c(c2N=C3[N+](=C(c4ccc(cc4)C)C=C3c3ccc(cc3)C)[B-](n2c1-c1ccc(C)cc1)(O)c1ccccc1)-c1ccc(cc1)C,0.107420117
O1C(C(=c2ccc(cc21)=C(c1ccccc1)c1ccccc1)c1ccccc1)=O,0.285967911
c1ccccc1C(=c1cc2c(cc1)=C(C(=O)O2)c1ccccc1)c1ccccc1,0.285967911
c1cc(C(c2ccccc2)=c2cc3c(=C(c4ccccc4)C(=O)O3)cc2)ccc1,0.285967911
c1(C(=c2cc3c(cc2)=C(c2ccccc2)C(O3)=O)c2ccccc2)ccccc1,0.285967911
c12c(ccc(=C(c3ccccc3)c3ccccc3)c2)=C(c2ccccc2)C(=O)O1,0.285967911
[n+]1([O-])c2c(no1)c(ccc2Cl)Cl,0.303702561
c1cc(Cl)c2c([n+](on2)[O-])c1Cl,0.303702561
n1o[n+]([O-])c2c1c(Cl)ccc2Cl,0.303702561
c12c(ccc(Cl)c1[n+](on2)[O-])Cl,0.303702561
c1c(Cl)c2c([n+]([O-])on2)c(Cl)c1,0.303702561
N1C(=C2N=C(N(CC)CC)N=C2SC)C(SC)=NC=1N(CC)CC,0.232808196
CCN(CC)C1N=C(C(N=1)=C1C(SC)=NC(=N1)N(CC)CC)SC,0.232808196
CCN(C1N=C(SC)C(=C2C(=NC(=N2)N(CC)CC)SC)N=1)CC,0.232808196
C1(=NC(=NC1=C1C(=NC(=N1)N(CC)CC)SC)N(CC)CC)SC,0.232808196
C(N(CC)C1N=C(SC)C(N=1)=C1N=C(N=C1SC)N(CC)CC)C,0.232808196
c1c(-c2c(c(c3N=C4C(=CC(c5ccc(cc5)OC)=[N+]4[B-](n32)(F)F)c2ccccc2)-c2ccccc2)C=CC(OCC)=O)ccc(c1)OC,0.040347305
c1(c2n([B-]([N+]3=C(c4ccc(OC)cc4)C=C(C3=N2)c2ccccc2)(F)F)c(c1C=CC(=O)OCC)-c1ccc(OC)cc1)-c1ccccc1,0.040347305
C1(c2ccc(cc2)OC)=[N+]2[B-](F)(F)n3c(N=C2C(c2ccccc2)=C1)c(-c1ccccc1)c(c3-c1ccc(cc1)OC)C=CC(OCC)=O,0.040347305
COc1ccc(-c2n3c(c(c2C=CC(=O)OCC)-c2ccccc2)N=C2C(c4ccccc4)=CC(=[N+]2[B-]3(F)F)c2ccc(cc2)OC)cc1,0.040347305
c1cc(-c2c(C=CC(OCC)=O)c(-c3ccccc3)c3N=C4C(=CC(c5ccc(OC)cc5)=[N+]4[B-](F)(F)n32)c2ccccc2)ccc1OC,0.040347305
c1ccc(C2=CC(C(O2)=O)=C2C=C(OC2=O)c2ccccc2)cc1,0.040014466
O=C1C(=C2C=C(c3ccccc3)OC2=O)C=C(O1)c1ccccc1,0.040014466
O1C(C(C=C1c1ccccc1)=C1C(=O)OC(=C1)c1ccccc1)=O,0.040014466
C1(C=C(OC1=O)c1ccccc1)=C1C(OC(=C1)c1ccccc1)=O,0.040014466
C1(=CC(C(O1)=O)=C1C=C(c2ccccc2)OC1=O)c1ccccc1,0.040014466
C(#Cc1c2N=S=Nc2c(C#C[Si](C(C)C)(C(C)C)C(C)C)c2c1nsn2)[Si](C(C)C)(C(C)C)C(C)C,0.219307542
c12c(c(C#C[Si](C(C)C)(C(C)C)C(C)C)c3nsnc3c2C#C[Si](C(C)C)(C(C)C)C(C)C)N=S=N1,0.219307542
[Si](C(C)C)(C(C)C)(C#Cc1c2nsnc2c(C#C[Si](C(C)C)(C(C)C)C(C)C)c2N=S=Nc21)C(C)C,0.219307542
CC(C)[Si](C(C)C)(C#Cc1c2nsnc2c(c2c1N=S=N2)C#C[Si](C(C)C)(C(C)C)C(C)C)C(C)C,0.219307542
C([Si](C(C)C)(C#Cc1c2N=S=Nc2c(C#C[Si](C(C)C)(C(C)C)C(C)C)c2c1nsn2)C(C)C)(C)C,0.219307542
C(Cn1nc2c(c3[n-][s+]nc3c(c2n1)-c1sccc1)-c1cccs1)(=O)OC(C)(C)C,0.083168383
c1ccc(-c2c3c(c(c4c2nn(CC(OC(C)(C)C)=O)n4)-c2cccs2)n[s+][n-]3)s1,0.083168383
c12[n-][s+]nc1c(c1c(nn(CC(OC(C)(C)C)=O)n1)c2-c1cccs1)-c1sccc1,0.083168383
CC(C)(C)OC(Cn1nc2c(c(-c3sccc3)c3c(c2-c2sccc2)n[s+][n-]3)n1)=O,0.083168383
O(C(C)(C)C)C(=O)Cn1nc2c(n1)c(c1[n-][s+]nc1c2-c1sccc1)-c1cccs1,0.083168383
C(#N)C(=c1oc(c(c1)Br)=c1oc(c(c1=C(C#N)C#N)Br)-c1c(cc(o1)Br)Br)C#N,0.138161227
c1(cc(oc1-c1oc(=c2oc(cc2Br)=C(C#N)C#N)c(=C(C#N)C#N)c1Br)Br)Br,0.138161227
N#CC(C#N)=c1cc(Br)c(o1)=c1oc(c(Br)c1=C(C#N)C#N)-c1c(Br)cc(Br)o1,0.138161227
N#CC(C#N)=c1cc(c(o1)=c1oc(c(Br)c1=C(C#N)C#N)-c1c(Br)cc(o1)Br)Br,0.138161227
Brc1oc(-c2c(Br)c(=C(C#N)C#N)c(o2)=c2c(cc(o2)=C(C#N)C#N)Br)c(c1)Br,0.138161227
c1cc(c(OS(c2ccc(C)cc2)(=O)=O)cc1)C=CC=[N+]([O-])c1ccccc1,0.165116707
O=S(=O)(Oc1ccccc1C=CC=[N+](c1ccccc1)[O-])c1ccc(cc1)C,0.165116707
c1c(cccc1)[N+]([O-])=CC=Cc1c(cccc1)OS(=O)(c1ccc(cc1)C)=O,0.165116707
c1cc(ccc1)[N+](=CC=Cc1ccccc1OS(=O)(c1ccc(C)cc1)=O)[O-],0.165116707
c1(ccccc1OS(c1ccc(C)cc1)(=O)=O)C=CC=[N+](c1ccccc1)[O-],0.165116707
c1c2c(cc3c1oc1cc4c(ccc(=O)c4)cc1c3-c1c(F)cccc1F)ccc(OC)c2,0.272510419
c12cc(ccc1cc1c(oc3cc4cc(ccc4cc3c1-c1c(F)cccc1F)OC)c2)=O,0.272510419
c1c2c(ccc(OC)c2)cc2c1oc1c(c2-c2c(cccc2F)F)cc2c(c1)cc(cc2)=O,0.272510419
c1c2c(oc3cc4cc(=O)ccc4cc3c2-c2c(cccc2F)F)cc2c1ccc(OC)c2,0.272510419
o1c2c(cc3c(c2)cc(cc3)OC)c(-c2c(cccc2F)F)c2cc3c(cc12)cc(=O)cc3,0.272510419
c1cccc2cc3c(c4c(c(C#C[Si](CC)(CC)CC)c3cc21)nsn4)C#C[Si](CC)(CC)CC,0.260975748
C(c1c2c(c(C#C[Si](CC)(CC)CC)c3c1cc1ccccc1c3)nsn2)#C[Si](CC)(CC)CC,0.260975748
C([Si](CC)(CC)C#Cc1c2c(c(c3c1cc1ccccc1c3)C#C[Si](CC)(CC)CC)nsn2)C,0.260975748
c1c2c(C#C[Si](CC)(CC)CC)c3c(nsn3)c(c2cc2ccccc21)C#C[Si](CC)(CC)CC,0.260975748
C([Si](CC)(CC)CC)#Cc1c2c(cc3c(c2)cccc3)c(c2nsnc21)C#C[Si](CC)(CC)CC,0.260975748
c1([N+](=O)[O-])c([N+]([O-])=O)cc2[n+](onc2c1)[O-],0.297416782
O=[N+]([O-])c1c([N+](=O)[O-])cc2no[n+](c2c1)[O-],0.297416782
c1c([N+](=O)[O-])c([N+]([O-])=O)cc2c1no[n+]2[O-],0.297416782
c1([N+]([O-])=O)cc2no[n+](c2cc1[N+]([O-])=O)[O-],0.297416782
c1c2[n+]([O-])onc2cc(c1[N+](=O)[O-])[N+](=O)[O-],0.297416782
c1(c2c(c(Br)cc1)[n+]([O-])on2)Br,0.222122952
c12c(ccc(c2no[n+]1[O-])Br)Br,0.222122952
c1cc(Br)c2no[n+]([O-])c2c1Br,0.222122952
c1c(c2c(c(c1)Br)[n+](on2)[O-])Br,0.222122952
Brc1ccc(Br)c2no[n+]([O-])c12,0.222122952
c1c2c(C#C[Si](C(C)C)(C(C)C)C(C)C)c3nsnc3c(c2cc2c1cccc2)C#C[Si](C(C)C)(C(C)C)C(C)C,0.091412318
[Si](C(C)C)(C(C)C)(C(C)C)C#Cc1c2c(c(c3nsnc31)C#C[Si](C(C)C)(C(C)C)C(C)C)cc1ccccc1c2,0.091412318
CC(C)[Si](C#Cc1c2c(c(c3nsnc31)C#C[Si](C(C)C)(C(C)C)C(C)C)cc1ccccc1c2)(C(C)C)C(C)C,0.091412318
c1(C#C[Si](C(C)C)(C(C)C)C(C)C)c2c(c(c3c1cc1c(c3)cccc1)C#C[Si](C(C)C)(C(C)C)C(C)C)nsn2,0.091412318
CC(C)[Si](C(C)C)(C#Cc1c2cc3c(cccc3)cc2c(C#C[Si](C(C)C)(C(C)C)C(C)C)c2c1nsn2)C(C)C,0.091412318
C1(N=C(N)C(=O)C=C1)=NNc1ccccc1,0.133719747
C1(N)=NC(C=CC1=O)=NNc1ccccc1,0.133719747
N1=C(C(=O)C=CC1=NNc1ccccc1)N,0.133719747
c1ccccc1NN=C1N=C(N)C(=O)C=C1,0.133719747
c1(NN=C2N=C(N)C(C=C2)=O)ccccc1,0.133719747
c1c2c(cc3=C(c4c(Sc31)cccc4)c1c(cc(cc1C)C)C)Sc1ccccc1C=2c1c(cc(C)cc1C)C,0.167645295
c1(C2=c3c(cc4=C(c5c(cc(C)cc5C)C)c5c(Sc4c3)cccc5)Sc3c2cccc3)c(cc(cc1C)C)C,0.167645295
c1(cc(c(c(c1)C)C1c2c(Sc3cc4=C(c5c(C)cc(cc5C)C)c5ccccc5Sc4cc=13)cccc2)C)C,0.167645295
C1(c2ccccc2Sc2cc3=C(c4c(cc(C)cc4C)C)c4c(cccc4)Sc3cc2=1)c1c(cc(cc1C)C)C,0.167645295
c1c(C)cc(c(C2=c3cc4c(=C(c5ccccc5S4)c4c(cc(cc4C)C)C)cc3Sc3c2cccc3)c1C)C,0.167645295
c1c(C(C)(C)C)ccc2c1C(=c1cc3c(cc1S2)=C(c1c(cc(cc1C)C)C)c1c(ccc(c1)C(C)(C)C)S3)c1c(C)cc(C)cc1C,0.246968812
c12Sc3cc4=C(c5c(cc(cc5C)C)C)c5c(ccc(c5)C(C)(C)C)Sc4cc3=C(c3c(cc(C)cc3C)C)c1cc(C(C)(C)C)cc2,0.246968812
Cc1c(c(C)cc(c1)C)C1c2c(Sc3c=1cc1c(c3)=C(c3c(S1)ccc(c3)C(C)(C)C)c1c(cc(cc1C)C)C)ccc(C(C)(C)C)c2,0.246968812
c1(C)c(c(cc(C)c1)C)C1=c2cc3Sc4c(cc(C(C)(C)C)cc4)C(c4c(C)cc(C)cc4C)=c3cc2Sc2ccc(cc12)C(C)(C)C,0.246968812
c12c(ccc(C(C)(C)C)c2)Sc2cc3=C(c4c(C)cc(C)cc4C)c4c(ccc(c4)C(C)(C)C)Sc3cc2=C1c1c(C)cc(C)cc1C,0.246968812
ClC1=C(Cl)C(Cl)=C(C(C(Cl)=C1Cl)=c1ccc(cc1)=C(Cl)c1c(Cl)c(c(c(Cl)c1Cl)Cl)Cl)Cl,0.033079742
c1c(ccc(c1)=C(Cl)c1c(Cl)c(c(Cl)c(c1Cl)Cl)Cl)=C1C(=C(C(Cl)=C(C(Cl)=C1Cl)Cl)Cl)Cl,0.033079742
c1(=C2C(Cl)=C(C(Cl)=C(Cl)C(=C2Cl)Cl)Cl)ccc(cc1)=C(Cl)c1c(Cl)c(Cl)c(c(c1Cl)Cl)Cl,0.033079742
Clc1c(Cl)c(Cl)c(Cl)c(c1Cl)C(=c1ccc(cc1)=C1C(=C(C(=C(Cl)C(Cl)=C1Cl)Cl)Cl)Cl)Cl,0.033079742
c1(Cl)c(c(c(Cl)c(C(Cl)=c2ccc(=C3C(=C(Cl)C(Cl)=C(Cl)C(Cl)=C3Cl)Cl)cc2)c1Cl)Cl)Cl,0.033079742
c1ccccc1C(c1ccccc1)=C1c2cc(C)ccc2[N+]([O-])=C1c1ccccc1,0.270801358
c1(ccccc1)C1C(=C(c2ccccc2)c2ccccc2)c2cc(C)ccc2[N+]=1[O-],0.270801358
c1ccc(cc1)C(=C1c2c([N+]([O-])=C1c1ccccc1)ccc(C)c2)c1ccccc1,0.270801358
c12cc(C)ccc1[N+](=C(c1ccccc1)C2=C(c1ccccc1)c1ccccc1)[O-],0.270801358
C1(=C(c2ccccc2)c2ccccc2)C(c2ccccc2)=[N+]([O-])c2c1cc(C)cc2,0.270801358
c1c2c(C#Cc3ccc(C)cc3)c3c(c(c2cc2c1cccc2)C#C[Si](C(C)C)(C(C)C)C(C)C)cc1ccccc1c3,0.028620252
c12cc3c(cccc3)cc2c(C#C[Si](C(C)C)(C(C)C)C(C)C)c2cc3c(cccc3)cc2c1C#Cc1ccc(C)cc1,0.028620252
c1(ccc(C#Cc2c3c(c(C#C[Si](C(C)C)(C(C)C)C(C)C)c4cc5c(cc42)cccc5)cc2c(cccc2)c3)cc1)C,0.028620252
c1ccc2cc3c(cc2c1)c(c1c(cc2c(cccc2)c1)c3C#C[Si](C(C)C)(C(C)C)C(C)C)C#Cc1ccc(C)cc1,0.028620252
c1ccc2cc3c(C#C[Si](C(C)C)(C(C)C)C(C)C)c4c(c(c3cc2c1)C#Cc1ccc(cc1)C)cc1ccccc1c4,0.028620252
c1cc2cc3c(c4c(cc5c(c4)cccc5)c(C#C[Si](C)(C)C)c3cc2cc1)C#C[Si](C)(C)C,0.060789776
c1cc2c(cc3c(c2)c(C#C[Si](C)(C)C)c2c(c3C#C[Si](C)(C)C)cc3c(c2)cccc3)cc1,0.060789776
c1cccc2c1cc1c(c(c3cc4c(cc3c1C#C[Si](C)(C)C)cccc4)C#C[Si](C)(C)C)c2,0.060789776
C([Si](C)(C)C)#Cc1c2c(c(c3c1cc1ccccc1c3)C#C[Si](C)(C)C)cc1ccccc1c2,0.060789776
C[Si](C#Cc1c2c(c(C#C[Si](C)(C)C)c3cc4c(cccc4)cc13)cc1c(cccc1)c2)(C)C,0.060789776
c1c2c(c3c(c(c2cc2ccccc21)C#C[Si](CC)(CC)CC)cc1c(c3)cccc1)C#C[Si](CC)(CC)CC,0.03092744
c1cccc2c1cc1c(c(C#C[Si](CC)(CC)CC)c3cc4ccccc4cc3c1C#C[Si](CC)(CC)CC)c2,0.03092744
c1c2c(c(C#C[Si](CC)(CC)CC)c3c(c2C#C[Si](CC)(CC)CC)cc2c(cccc2)c3)cc2ccccc12,0.03092744
c1cc2c(cc3c(c4c(c(c3c2)C#C[Si](CC)(CC)CC)cc2c(c4)cccc2)C#C[Si](CC)(CC)CC)cc1,0.03092744
CC[Si](CC)(CC)C#Cc1c2cc3c(cccc3)cc2c(C#C[Si](CC)(CC)CC)c2cc3ccccc3cc12,0.03092744
C(c1c2c(cc3c(cccc3)c2)c(C#C[Si](C)(C(C)(C)C)C)c2cc3c(cccc3)cc12)#C[Si](C(C)(C)C)(C)C,0.063159362
C[Si](C(C)(C)C)(C)C#Cc1c2c(c(C#C[Si](C)(C)C(C)(C)C)c3cc4ccccc4cc31)cc1c(cccc1)c2,0.063159362
c12c(cccc2)cc2c(c1)c(C#C[Si](C)(C(C)(C)C)C)c1cc3c(cc1c2C#C[Si](C)(C(C)(C)C)C)cccc3,0.063159362
CC(C)(C)[Si](C#Cc1c2c(cc3ccccc3c2)c(c2c1cc1ccccc1c2)C#C[Si](C(C)(C)C)(C)C)(C)C,0.063159362
C[Si](C#Cc1c2cc3c(cc2c(C#C[Si](C)(C(C)(C)C)C)c2c1cc1c(c2)cccc1)cccc3)(C)C(C)(C)C,0.063159362
c1(ccccc1)C(=c1ccc(cc1)=C(c1ccccc1)c1ccccc1)c1ccccc1,0.146734347
c1ccc(C(=c2ccc(=C(c3ccccc3)c3ccccc3)cc2)c2ccccc2)cc1,0.146734347
c1(=C(c2ccccc2)c2ccccc2)ccc(=C(c2ccccc2)c2ccccc2)cc1,0.146734347
c1c(=C(c2ccccc2)c2ccccc2)ccc(=C(c2ccccc2)c2ccccc2)c1,0.146734347
c1c(cccc1)C(=c1ccc(=C(c2ccccc2)c2ccccc2)cc1)c1ccccc1,0.146734347
[Si](CC)(CC)(C#Cc1c2c(c(c3c1cc1ccccc1c3)C#C[Si](C(C)C)(C(C)C)C(C)C)cc1ccccc1c2)CC,0.052005642
c1(c2c(cc3ccccc3c2)c(c2c1cc1c(c2)cccc1)C#C[Si](C(C)C)(C(C)C)C(C)C)C#C[Si](CC)(CC)CC,0.052005642
CC[Si](CC)(CC)C#Cc1c2c(cc3ccccc3c2)c(c2cc3ccccc3cc21)C#C[Si](C(C)C)(C(C)C)C(C)C,0.052005642
CC([Si](C#Cc1c2c(cc3c(c2)cccc3)c(c2cc3c(cccc3)cc21)C#C[Si](CC)(CC)CC)(C(C)C)C(C)C)C,0.052005642
C(C)(C)[Si](C(C)C)(C#Cc1c2cc3ccccc3cc2c(C#C[Si](CC)(CC)CC)c2cc3ccccc3cc21)C(C)C,0.052005642
c1c(C=Cc2cc3c(no[n+]3[O-])cc2)cccc1,0.336454768
c1cccc(C=Cc2cc3[n+]([O-])onc3cc2)c1,0.336454768
o1[n+](c2cc(ccc2n1)C=Cc1ccccc1)[O-],0.336454768
c12cc(ccc1no[n+]2[O-])C=Cc1ccccc1,0.336454768
C(c1ccccc1)=Cc1cc2c(no[n+]2[O-])cc1,0.336454768
c1(c2cc3c(cc2c(C#C[Si](CC)(C(C)C)C(C)C)c2c1cc1c(c2)cccc1)cccc3)C#C[Si](C(C)C)(CC)C(C)C,0.11090066
CC(C)[Si](C(C)C)(CC)C#Cc1c2c(c(C#C[Si](C(C)C)(CC)C(C)C)c3cc4c(cccc4)cc13)cc1ccccc1c2,0.11090066
c12c(cccc1)cc1c(C#C[Si](C(C)C)(C(C)C)CC)c3c(c(C#C[Si](CC)(C(C)C)C(C)C)c1c2)cc1c(cccc1)c3,0.11090066
c12c(cccc1)cc1c(c(C#C[Si](CC)(C(C)C)C(C)C)c3c(cc4ccccc4c3)c1C#C[Si](C(C)C)(CC)C(C)C)c2,0.11090066
CC([Si](C(C)C)(CC)C#Cc1c2c(cc3c(cccc3)c2)c(c2c1cc1c(c2)cccc1)C#C[Si](CC)(C(C)C)C(C)C)C,0.11090066
CC(C)[Si](C(C)C)(C#Cc1c2c(c(c3c1cc1c(c3)cccc1)C#C[Si](C(C)C)(C(C)C)C(C)C)cc1cc(c(cc1c2)Br)Br)C(C)C,0.021964924
CC(C)[Si](C(C)C)(C#Cc1c2c(cc3cc(c(Br)cc3c2)Br)c(c2cc3c(cccc3)cc12)C#C[Si](C(C)C)(C(C)C)C(C)C)C(C)C,0.021964924
c12cc3c(cc2c(c2c(c1C#C[Si](C(C)C)(C(C)C)C(C)C)cc1cc(Br)c(cc1c2)Br)C#C[Si](C(C)C)(C(C)C)C(C)C)cccc3,0.021964924
C(c1c2c(c(c3cc4cc(c(cc4cc13)Br)Br)C#C[Si](C(C)C)(C(C)C)C(C)C)cc1ccccc1c2)#C[Si](C(C)C)(C(C)C)C(C)C,0.021964924
c1(c2c(cc3cc(c(cc3c2)Br)Br)c(C#C[Si](C(C)C)(C(C)C)C(C)C)c2cc3c(cc21)cccc3)C#C[Si](C(C)C)(C(C)C)C(C)C,0.021964924
CCCCNC1C(C2=C(C=C(NCCCC)C(=O)C2=C(C=1)O)O)=O,0.845246816
C(CC)CNC1=CC(O)=C2C(C1=O)=C(C=C(NCCCC)C2=O)O,0.845246816
C(CC)CNC1C(C2C(=C(O)C=1)C(C(NCCCC)=CC=2O)=O)=O,0.845246816
CCCCNC1=CC(=C2C(C1=O)=C(C=C(NCCCC)C2=O)O)O,0.845246816
OC1C=C(NCCCC)C(C2=C(O)C=C(NCCCC)C(=O)C=12)=O,0.845246816
c1c2ccccc2c2c(c1C#Cc1c3cc4c(cc3c(C#C[Si](C(C)C)(C(C)C)C(C)C)c3c1cc1c(c3)cccc1)cccc4)cccc2,0.022674888
C(c1c2c(cc3ccccc3c2)c(C#Cc2cc3ccccc3c3ccccc23)c2cc3ccccc3cc21)#C[Si](C(C)C)(C(C)C)C(C)C,0.022674888
C(c1c2cc3ccccc3cc2c(C#Cc2cc3c(c4ccccc42)cccc3)c2cc3ccccc3cc12)#C[Si](C(C)C)(C(C)C)C(C)C,0.022674888
CC([Si](C(C)C)(C#Cc1c2cc3ccccc3cc2c(c2cc3c(cccc3)cc21)C#Cc1cc2ccccc2c2c1cccc2)C(C)C)C,0.022674888
C([Si](C(C)C)(C(C)C)C(C)C)#Cc1c2c(c(c3c1cc1c(cccc1)c3)C#Cc1c3ccccc3c3ccccc3c1)cc1c(cccc1)c2,0.022674888
c1c2c(cc3c1nccn3)c(C#C[Si](C(C)C)(C(C)C)C(C)C)c1cc3c(cc1c2C#C[Si](C(C)C)(C(C)C)C(C)C)nccn3,0.004667906
C(C)(C)[Si](C(C)C)(C(C)C)C#Cc1c2c(c(C#C[Si](C(C)C)(C(C)C)C(C)C)c3cc4nccnc4cc31)cc1c(c2)nccn1,0.004667906
CC([Si](C(C)C)(C#Cc1c2cc3c(nccn3)cc2c(C#C[Si](C(C)C)(C(C)C)C(C)C)c2cc3c(cc21)nccn3)C(C)C)C,0.004667906
C(C)(C)[Si](C(C)C)(C#Cc1c2cc3c(cc2c(c2c1cc1nccnc1c2)C#C[Si](C(C)C)(C(C)C)C(C)C)nccn3)C(C)C,0.004667906
CC(C)[Si](C(C)C)(C(C)C)C#Cc1c2c(cc3nccnc3c2)c(c2cc3c(nccn3)cc12)C#C[Si](C(C)C)(C(C)C)C(C)C,0.004667906
c12c(C#CCCCCCC)c3c(cc4ccccc4c3)c(c1cc1c(c2)cccc1)C#CCCCCCC,0.05912145
C(#CCCCCCC)c1c2cc3ccccc3cc2c(C#CCCCCCC)c2cc3ccccc3cc21,0.05912145
C(CCC)CCC#Cc1c2cc3c(cccc3)cc2c(C#CCCCCCC)c2cc3c(cccc3)cc12,0.05912145
c12c(cc3ccccc3c1)c(c1cc3ccccc3cc1c2C#CCCCCCC)C#CCCCCCC,0.05912145
c1cccc2c1cc1c(c2)c(c2cc3ccccc3cc2c1C#CCCCCCC)C#CCCCCCC,0.05912145
c1cccc2c1cc1c(c2)c(c2cc3ccccc3cc2c1C#CCCCCC)C#CCCCCC,0.004604224
C(CC#Cc1c2c(c(c3c1cc1c(cccc1)c3)C#CCCCCC)cc1c(cccc1)c2)CCC,0.004604224
C(CCC)CC#Cc1c2c(cc3ccccc3c2)c(c2c1cc1ccccc1c2)C#CCCCCC,0.004604224
c1c2c(c3cc4c(cc3c(c2cc2c1cccc2)C#CCCCCC)cccc4)C#CCCCCC,0.004604224
c12cc3c(cccc3)cc1c(C#CCCCCC)c1c(c2C#CCCCCC)cc2ccccc2c1,0.004604224
C(CC)CC#Cc1c2c(cc3ccccc3c2)c(C#CCCCC)c2c1cc1ccccc1c2,0.066679122
C(C)CCC#Cc1c2c(cc3ccccc3c2)c(C#CCCCC)c2cc3ccccc3cc12,0.066679122
c1cccc2c1cc1c(C#CCCCC)c3c(cc4c(cccc4)c3)c(C#CCCCC)c1c2,0.066679122
c12c(cccc2)cc2c(c(c3c(cc4c(cccc4)c3)c2C#CCCCC)C#CCCCC)c1,0.066679122
c1(C#CCCCC)c2c(c(c3cc4c(cccc4)cc13)C#CCCCC)cc1c(c2)cccc1,0.066679122
C([Si](C(C)C)(C#Cc1c2c(c(c3c1cc1c(c3)cccc1)C#C[Si](C(C)C)(C(C)C)C(C)C)cc1nccnc1c2)C(C)C)(C)C,0.06779278
c1nc2cc3c(c4cc5c(cccc5)cc4c(c3cc2nc1)C#C[Si](C(C)C)(C(C)C)C(C)C)C#C[Si](C(C)C)(C(C)C)C(C)C,0.06779278
C(C)(C)[Si](C(C)C)(C(C)C)C#Cc1c2cc3c(cccc3)cc2c(c2cc3nccnc3cc21)C#C[Si](C(C)C)(C(C)C)C(C)C,0.06779278
CC(C)[Si](C(C)C)(C(C)C)C#Cc1c2c(cc3c(c2)nccn3)c(C#C[Si](C(C)C)(C(C)C)C(C)C)c2c1cc1c(c2)cccc1,0.06779278
c1(C#C[Si](C(C)C)(C(C)C)C(C)C)c2cc3c(nccn3)cc2c(C#C[Si](C(C)C)(C(C)C)C(C)C)c2cc3c(cc21)cccc3,0.06779278
CC(C)(C#Cc1c2c(c(C#CC(C)(C)C)c3c1cc1c(c3)cccc1)cc1c(cccc1)c2)C,0.006259154
CC(C)(C#Cc1c2c(cc3c(cccc3)c2)c(C#CC(C)(C)C)c2c1cc1ccccc1c2)C,0.006259154
c12cc3c(C#CC(C)(C)C)c4c(c(c3cc2cccc1)C#CC(C)(C)C)cc1c(c4)cccc1,0.006259154
c1cc2cc3c(c(c4c(c3C#CC(C)(C)C)cc3c(c4)cccc3)C#CC(C)(C)C)cc2cc1,0.006259154
c1c2c(C#CC(C)(C)C)c3c(c(C#CC(C)(C)C)c2cc2c1cccc2)cc1ccccc1c3,0.006259154
C([Si](C(C)C)(C#Cc1c2c(c(c3nc4c(c(F)c(c(F)c4F)F)nc13)C#C[Si](C(C)C)(C(C)C)C(C)C)nsn2)C(C)C)(C)C,0.013338817
CC(C)[Si](C(C)C)(C#Cc1c2nsnc2c(C#C[Si](C(C)C)(C(C)C)C(C)C)c2nc3c(F)c(F)c(c(c3nc12)F)F)C(C)C,0.013338817
CC([Si](C(C)C)(C#Cc1c2c(c(C#C[Si](C(C)C)(C(C)C)C(C)C)c3c1nc1c(F)c(c(c(c1n3)F)F)F)nsn2)C(C)C)C,0.013338817
C([Si](C(C)C)(C#Cc1c2nc3c(nc2c(C#C[Si](C(C)C)(C(C)C)C(C)C)c2c1nsn2)c(c(F)c(F)c3F)F)C(C)C)(C)C,0.013338817
C(C)(C)[Si](C(C)C)(C(C)C)C#Cc1c2c(c(c3c1nc1c(c(F)c(c(F)c1n3)F)F)C#C[Si](C(C)C)(C(C)C)C(C)C)nsn2,0.013338817
c12ccccc2nc2c(n1)c(c1c(c2C#C[Si](C(C)C)(C(C)C)C(C)C)nsn1)C#C[Si](C(C)C)(C(C)C)C(C)C,0.073643235
CC(C)[Si](C(C)C)(C(C)C)C#Cc1c2c(c(c3nsnc13)C#C[Si](C(C)C)(C(C)C)C(C)C)nc1ccccc1n2,0.073643235
CC([Si](C(C)C)(C(C)C)C#Cc1c2nsnc2c(C#C[Si](C(C)C)(C(C)C)C(C)C)c2c1nc1ccccc1n2)C,0.073643235
C(C)([Si](C(C)C)(C#Cc1c2c(c(c3c1nsn3)C#C[Si](C(C)C)(C(C)C)C(C)C)nc1ccccc1n2)C(C)C)C,0.073643235
c1cc2nc3c(C#C[Si](C(C)C)(C(C)C)C(C)C)c4nsnc4c(C#C[Si](C(C)C)(C(C)C)C(C)C)c3nc2cc1,0.073643235
Cc1[nH]c(c(c1)C)C1C(c2ccccc2[N+]=1[O-])=O,0.341578114
c12c(cccc1)[N+](=C(c1c(C)cc(C)[nH]1)C2=O)[O-],0.341578114
c1ccc2c([N+]([O-])=C(C2=O)c2c(C)cc([nH]2)C)c1,0.341578114
c1c2[N+](=C(C(c2ccc1)=O)c1c(cc([nH]1)C)C)[O-],0.341578114
[O-][N+]1=C(c2c(cc(C)[nH]2)C)C(c2c1cccc2)=O,0.341578114
CN1C(C(C(C(=O)OCC)=C1c1ccccc1)=C1C(C(=O)OCC)=C(N(C)C1=O)c1ccccc1)=O,0.141001994
c1c(cccc1)C1N(C)C(C(C=1C(OCC)=O)=C1C(=C(N(C1=O)C)c1ccccc1)C(OCC)=O)=O,0.141001994
O=C(OCC)C1=C(c2ccccc2)N(C)C(C1=C1C(N(C(=C1C(OCC)=O)c1ccccc1)C)=O)=O,0.141001994
O(C(=O)C1C(C(=O)N(C)C=1c1ccccc1)=C1C(=O)N(C)C(=C1C(OCC)=O)c1ccccc1)CC,0.141001994
c1ccc(cc1)C1=C(C(=C2C(=C(c3ccccc3)N(C2=O)C)C(OCC)=O)C(N1C)=O)C(=O)OCC,0.141001994
C1(C(OC)=O)=C(N(C)C(=O)C1=C1C(C(=O)OC)=C(c2cccs2)N(C)C1=O)c1sccc1,0.041145968
c1cc(C2=C(C(=C3C(=C(N(C3=O)C)c3sccc3)C(OC)=O)C(N2C)=O)C(=O)OC)sc1,0.041145968
COC(C1C(C(N(C)C=1c1sccc1)=O)=C1C(=O)N(C(=C1C(=O)OC)c1sccc1)C)=O,0.041145968
c1(C2=C(C(=C3C(C(=O)OC)=C(c4cccs4)N(C)C3=O)C(=O)N2C)C(=O)OC)cccs1,0.041145968
c1(C2=C(C(=C3C(N(C(=C3C(=O)OC)c3sccc3)C)=O)C(N2C)=O)C(OC)=O)sccc1,0.041145968
C(#N)C(C#N)=c1sc(=CC=CC=C2C=C(OC(=C2)C(C)(C)C)C(C)(C)C)cc1,0.204303802
N#CC(C#N)=c1ccc(s1)=CC=CC=C1C=C(OC(=C1)C(C)(C)C)C(C)(C)C,0.204303802
CC(C)(C)C1OC(C(C)(C)C)=CC(C=1)=CC=CC=c1sc(cc1)=C(C#N)C#N,0.204303802
C(C=CC=C1C=C(OC(C(C)(C)C)=C1)C(C)(C)C)=c1ccc(s1)=C(C#N)C#N,0.204303802
CC(C)(C)C1OC(C(C)(C)C)=CC(=CC=CC=c2ccc(s2)=C(C#N)C#N)C=1,0.204303802
CN(C)c1ccc(C(c2ccc(cc2)N(C)C)=C=C=C2C=C(C(C(=C2)C(C)(C)C)=O)C(C)(C)C)cc1,0.284428876
N(C)(c1ccc(cc1)C(=C=C=C1C=C(C(=O)C(=C1)C(C)(C)C)C(C)(C)C)c1ccc(cc1)N(C)C)C,0.284428876
c1cc(ccc1C(c1ccc(N(C)C)cc1)=C=C=C1C=C(C(=O)C(C(C)(C)C)=C1)C(C)(C)C)N(C)C,0.284428876
c1(N(C)C)ccc(C(c2ccc(N(C)C)cc2)=C=C=C2C=C(C(=O)C(C(C)(C)C)=C2)C(C)(C)C)cc1,0.284428876
CN(c1ccc(cc1)C(=C=C=C1C=C(C(C)(C)C)C(=O)C(C(C)(C)C)=C1)c1ccc(cc1)N(C)C)C,0.284428876
c12c(C#C[Si](C(C)C)(C(C)C)C(C)C)c3c(cc4c(c(c(F)c(F)c4c3)F)F)c(C#C[Si](C(C)C)(C(C)C)C(C)C)c2cc2c(c(c(c(F)c2c1)F)F)F,0.06872755
c1(C#C[Si](C(C)C)(C(C)C)C(C)C)c2cc3c(F)c(c(c(F)c3cc2c(C#C[Si](C(C)C)(C(C)C)C(C)C)c2cc3c(c(F)c(F)c(F)c3cc21)F)F)F,0.06872755
Fc1c2cc3c(c4c(c(c3cc2c(c(F)c1F)F)C#C[Si](C(C)C)(C(C)C)C(C)C)cc1c(c4)c(c(c(c1F)F)F)F)C#C[Si](C(C)C)(C(C)C)C(C)C,0.06872755
c1c2c(c(c(c(F)c2cc2c1c(c1cc3c(c(c(c(c3F)F)F)F)cc1c2C#C[Si](C(C)C)(C(C)C)C(C)C)C#C[Si](C(C)C)(C(C)C)C(C)C)F)F)F,0.06872755
CC(C)[Si](C(C)C)(C#Cc1c2cc3c(F)c(F)c(F)c(F)c3cc2c(c2c1cc1c(c2)c(c(F)c(F)c1F)F)C#C[Si](C(C)C)(C(C)C)C(C)C)C(C)C,0.06872755
C1(=O)N(C(=CC1=C1C=C(N(C)C1=O)c1c(cc(C)cc1C)C)c1c(cc(C)cc1C)C)C,0.037791382
O=C1C(=C2C(N(C)C(c3c(cc(C)cc3C)C)=C2)=O)C=C(c2c(cc(cc2C)C)C)N1C,0.037791382
C1=C(N(C(=O)C1=C1C=C(N(C)C1=O)c1c(C)cc(cc1C)C)C)c1c(cc(C)cc1C)C,0.037791382
Cc1c(C2=CC(C(N2C)=O)=C2C(=O)N(C)C(c3c(C)cc(cc3C)C)=C2)c(cc(C)c1)C,0.037791382
c1c(C)c(C2=CC(=C3C=C(c4c(cc(C)cc4C)C)N(C3=O)C)C(N2C)=O)c(cc1C)C,0.037791382
CC([Si](C(C)C)(C(C)C)C#Cc1c2c(cc3c(c2)c(Cl)c(c(c3Cl)Cl)Cl)c(C#C[Si](C(C)C)(C(C)C)C(C)C)c2c1cc1c(c2)nccn1)C,0.016158877
CC([Si](C#Cc1c2c(cc3c(nccn3)c2)c(c2c1cc1c(Cl)c(Cl)c(c(Cl)c1c2)Cl)C#C[Si](C(C)C)(C(C)C)C(C)C)(C(C)C)C(C)C)C,0.016158877
c1(Cl)c2c(cc3c(c2)c(c2cc4c(cc2c3C#C[Si](C(C)C)(C(C)C)C(C)C)nccn4)C#C[Si](C(C)C)(C(C)C)C(C)C)c(c(c1Cl)Cl)Cl,0.016158877
Clc1c(Cl)c(Cl)c(Cl)c2c1cc1c(c2)c(C#C[Si](C(C)C)(C(C)C)C(C)C)c2c(cc3nccnc3c2)c1C#C[Si](C(C)C)(C(C)C)C(C)C,0.016158877
[Si](C(C)C)(C#Cc1c2c(cc3c(nccn3)c2)c(c2c1cc1c(Cl)c(c(Cl)c(c1c2)Cl)Cl)C#C[Si](C(C)C)(C(C)C)C(C)C)(C(C)C)C(C)C,0.016158877
o1[n-][n+](-c2ccccc2)c(c1=O)C1CCCCC=1,0.177801544
c1(C2CCCCC=2)c(o[n-][n+]1-c1ccccc1)=O,0.177801544
C1C(c2c(o[n-][n+]2-c2ccccc2)=O)=CCCC1,0.177801544
C1CC(=CCC1)c1c(=O)o[n-][n+]1-c1ccccc1,0.177801544
c1(ccccc1)-[n+]1c(c(o[n-]1)=O)C1CCCCC=1,0.177801544
c1(ccccc1)SN=C1C=CC(C=C1)=NSc1ccccc1,0.144196564
c1(ccccc1)SN=C1C=CC(=NSc2ccccc2)C=C1,0.144196564
c1ccccc1SN=C1C=CC(C=C1)=NSc1ccccc1,0.144196564
C1C(=NSc2ccccc2)C=CC(=NSc2ccccc2)C=1,0.144196564
C1C(C=CC(=NSc2ccccc2)C=1)=NSc1ccccc1,0.144196564
c1([N+]([O-])=Cc2ccc(o2)C=[N+](c2ccccc2)[O-])ccccc1,0.078585143
c1ccc([N+]([O-])=Cc2oc(C=[N+](c3ccccc3)[O-])cc2)cc1,0.078585143
c1(C=[N+](c2ccccc2)[O-])oc(cc1)C=[N+](c1ccccc1)[O-],0.078585143
c1cc([N+](=Cc2ccc(C=[N+](c3ccccc3)[O-])o2)[O-])ccc1,0.078585143
c1c(oc(c1)C=[N+]([O-])c1ccccc1)C=[N+](c1ccccc1)[O-],0.078585143
c12c(c(C#C[Si](C(C)C)(C(C)C)C(C)C)c3nc4ccccc4nc3c1C#C[Si](C(C)C)(C(C)C)C(C)C)nc1c(n2)cccc1,0.151489693
c1(c2nc3ccccc3nc2c(c2nc3c(nc12)cccc3)C#C[Si](C(C)C)(C(C)C)C(C)C)C#C[Si](C(C)C)(C(C)C)C(C)C,0.151489693
C(c1c2nc3ccccc3nc2c(c2nc3ccccc3nc21)C#C[Si](C(C)C)(C(C)C)C(C)C)#C[Si](C(C)C)(C(C)C)C(C)C,0.151489693
c1(C#C[Si](C(C)C)(C(C)C)C(C)C)c2nc3ccccc3nc2c(C#C[Si](C(C)C)(C(C)C)C(C)C)c2c1nc1ccccc1n2,0.151489693
CC([Si](C(C)C)(C#Cc1c2c(c(C#C[Si](C(C)C)(C(C)C)C(C)C)c3c1nc1ccccc1n3)nc1c(cccc1)n2)C(C)C)C,0.151489693
c1(-c2cc(C(C)(C)C)c(c(c2)C(C)(C)C)[O-])cc[n+](C)cc1C,0.118744037
c1(c([O-])c(cc(c1)-c1cc[n+](C)cc1C)C(C)(C)C)C(C)(C)C,0.118744037
Cc1c(-c2cc(C(C)(C)C)c(c(c2)C(C)(C)C)[O-])cc[n+](c1)C,0.118744037
CC(c1cc(cc(C(C)(C)C)c1[O-])-c1c(c[n+](cc1)C)C)(C)C,0.118744037
c1c(c(cc[n+]1C)-c1cc(c(c(C(C)(C)C)c1)[O-])C(C)(C)C)C,0.118744037
C(C)(Sc1sc(SCC)c2c1C(=S=C2SC(C)(C)C)SCC)(C)C,0.040852946
CC(Sc1sc(SCC)c2C(=S=C(c21)SCC)SC(C)(C)C)(C)C,0.040852946
CC(C)(Sc1c2C(=S=C(SC(C)(C)C)c2c(SCC)s1)SCC)C,0.040852946
S(CC)C1=S=C(SC(C)(C)C)c2c1c(sc2SCC)SC(C)(C)C,0.040852946
CC(Sc1sc(SCC)c2c1C(SCC)=S=C2SC(C)(C)C)(C)C,0.040852946
S1C(=CC2C31c1c(cccc1)C([N+]=2[O-])c1c3cccc1)c1ccccc1,0.216549019
c1c2C3c4ccccc4C4(C(=[N+]3[O-])C=C(S4)c3ccccc3)c2ccc1,0.216549019
c1ccc2C34C(C=C(S4)c4ccccc4)=[N+]([O-])C(c2c1)c1c3cccc1,0.216549019
c1c(cccc1)C1SC23C(C=1)=[N+](C(c1c3cccc1)c1c2cccc1)[O-],0.216549019
c1ccccc1C1SC23c4c(cccc4)C(c4c2cccc4)[N+](=C3C=1)[O-],0.216549019
c1cccc2c1[n+](c(Nc1ccc(cc1)OC)n[n+]2[O-])[O-],0.431956649
c1cc(OC)ccc1Nc1[n+]([O-])c2c([n+](n1)[O-])cccc2,0.431956649
[O-][n+]1c2c([n+]([O-])c(Nc3ccc(cc3)OC)n1)cccc2,0.431956649
[O-][n+]1c(n[n+]([O-])c2c1cccc2)Nc1ccc(cc1)OC,0.431956649
c1(OC)ccc(Nc2n[n+](c3ccccc3[n+]2[O-])[O-])cc1,0.431956649
C1CN(CCO1)c1cc2[n+]([O-])onc2cc1F,1.081798802
o1nc2cc(c(N3CCOCC3)cc2[n+]1[O-])F,1.081798802
[n+]1([O-])c2c(no1)cc(F)c(N1CCOCC1)c2,1.081798802
N1(c2c(F)cc3c(c2)[n+]([O-])on3)CCOCC1,1.081798802
c1(cc2c(cc1N1CCOCC1)[n+]([O-])on2)F,1.081798802
c1cc2cc3c(c(C#N)c4c(cc5c(cccc5)c4)c3C#N)cc2cc1,0.014268052
c1c2c(cc3c1cccc3)c(C#N)c1c(cc3ccccc3c1)c2C#N,0.014268052
C(#N)c1c2cc3ccccc3cc2c(c2cc3ccccc3cc21)C#N,0.014268052
c1cc2cc3c(cc2cc1)c(c1cc2ccccc2cc1c3C#N)C#N,0.014268052
c1cc2c(cc3c(c4cc5ccccc5cc4c(C#N)c3c2)C#N)cc1,0.014268052
C(c1cc([N+](=O)[O-])c2c([n+](on2)[O-])c1)#N,0.149275334
N#Cc1cc2[n+]([O-])onc2c([N+]([O-])=O)c1,0.149275334
n1o[n+](c2cc(cc([N+](=O)[O-])c12)C#N)[O-],0.149275334
c1c(C#N)cc(c2c1[n+]([O-])on2)[N+]([O-])=O,0.149275334
[N+](c1c2c(cc(c1)C#N)[n+](on2)[O-])(=O)[O-],0.149275334
N1=c2cc3c(=NN(C(=N3)c3ccccc3)c3ccccc3)cc2N(N=C1c1ccccc1)c1ccccc1,0.285232329
c1cccc(c1)N1C(c2ccccc2)=Nc2cc3c(cc2=N1)N(c1ccccc1)N=C(c1ccccc1)N=3,0.285232329
c1ccc(N2c3c(=NC(=N2)c2ccccc2)cc2N=C(N(c4ccccc4)N=c2c3)c2ccccc2)cc1,0.285232329
N1(c2ccccc2)C(=Nc2cc3=NC(c4ccccc4)=NN(c4ccccc4)c3cc2=N1)c1ccccc1,0.285232329
c1cc(ccc1)C1=NN(c2c(=N1)cc1c(c2)=NN(c2ccccc2)C(=N1)c1ccccc1)c1ccccc1,0.285232329
C(C1=C2N(C)CCN(C)C2=C(C1=C1C=CN(C=C1)C)C#N)#N,0.032587591
CN1C=CC(C=C1)=C1C(=C2N(CCN(C2=C1C#N)C)C)C#N,0.032587591
N#CC1=C2C(=C(C#N)C1=C1C=CN(C)C=C1)N(CCN2C)C,0.032587591
C12=C(C#N)C(C(=C1N(CCN2C)C)C#N)=C1C=CN(C=C1)C,0.032587591
CN1C2=C(C(=C3C=CN(C=C3)C)C(=C2N(CC1)C)C#N)C#N,0.032587591
c1([O-])on[n+](c1Br)-c1cccnc1,0.062020169
c1(-[n+]2c(Br)c([O-])on2)cccnc1,0.062020169
c1ccncc1-[n+]1c(c([O-])on1)Br,0.062020169
[O-]c1c([n+](-c2cccnc2)no1)Br,0.062020169
c1ccc(-[n+]2noc([O-])c2Br)cn1,0.062020169
c1cc(ccc1CC)C(=C=C=C=C=C(c1ccc(CC)cc1)c1ccc(cc1)CC)c1ccc(cc1)CC,0.087418256
C(c1ccc(cc1)C(c1ccc(CC)cc1)=C=C=C=C=C(c1ccc(CC)cc1)c1ccc(cc1)CC)C,0.087418256
C(c1ccc(C(c2ccc(cc2)CC)=C=C=C=C=C(c2ccc(CC)cc2)c2ccc(cc2)CC)cc1)C,0.087418256
C(=C=C=C(c1ccc(cc1)CC)c1ccc(CC)cc1)=C=C(c1ccc(CC)cc1)c1ccc(CC)cc1,0.087418256
c1cc(C(c2ccc(CC)cc2)=C=C=C=C=C(c2ccc(cc2)CC)c2ccc(CC)cc2)ccc1CC,0.087418256
c1c(c2no[n+]([O-])c2cc1[N+](=O)[O-])[N+]([O-])=O,0.824575153
c1([N+](=O)[O-])c2c(cc(c1)[N+](=O)[O-])[n+]([O-])on2,0.824575153
[n+]1([O-])onc2c1cc(cc2[N+]([O-])=O)[N+](=O)[O-],0.824575153
[n+]1(c2cc(cc([N+]([O-])=O)c2no1)[N+]([O-])=O)[O-],0.824575153
[N+](=O)([O-])c1cc(c2c([n+](on2)[O-])c1)[N+](=O)[O-],0.824575153
c1c2[n+]([O-])onc2c2onc(C3OCCO3)c2c1[N+]([O-])=O,0.19283608
c1(cc2[n+](onc2c2c1c(C1OCCO1)no2)[O-])[N+](=O)[O-],0.19283608
[N+]([O-])(=O)c1c2c(onc2C2OCCO2)c2no[n+]([O-])c2c1,0.19283608
o1nc2c3onc(C4OCCO4)c3c([N+](=O)[O-])cc2[n+]1[O-],0.19283608
c12c3no[n+](c3cc(c2c(C2OCCO2)no1)[N+]([O-])=O)[O-],0.19283608
C1COCCN1c1cc(Cl)cc2[n+](onc12)[O-],0.101946326
c1(cc(Cl)cc2c1no[n+]2[O-])N1CCOCC1,0.101946326
O1CCN(c2c3no[n+](c3cc(c2)Cl)[O-])CC1,0.101946326
O1CCN(c2c3c([n+]([O-])on3)cc(Cl)c2)CC1,0.101946326
c1(N2CCOCC2)cc(cc2[n+]([O-])onc12)Cl,0.101946326
[n+]1([O-])onc2c3onc(c3c([N+]([O-])=O)cc12)C#N,0.109505647
c12c3c([n+]([O-])on3)cc([N+]([O-])=O)c1c(C#N)no2,0.109505647
N#Cc1c2c(on1)c1no[n+](c1cc2[N+](=O)[O-])[O-],0.109505647
n1o[n+]([O-])c2cc(c3c(onc3C#N)c12)[N+]([O-])=O,0.109505647
o1c2c3c([n+](on3)[O-])cc([N+]([O-])=O)c2c(n1)C#N,0.109505647
c1c(C(=C2C(c3ccccc3)=[N+]([O-])C(C2=N)(Cc2ccccc2)C#N)c2ccccc2)cccc1,0.022134893
c1ccccc1C1C(=C(c2ccccc2)c2ccccc2)C(C([N+]=1[O-])(Cc1ccccc1)C#N)=N,0.022134893
c1ccc(cc1)C(c1ccccc1)=C1C(=N)C(Cc2ccccc2)(C#N)[N+]([O-])=C1c1ccccc1,0.022134893
c1cc(ccc1)C(c1ccccc1)=C1C(C(C#N)(Cc2ccccc2)[N+]([O-])=C1c1ccccc1)=N,0.022134893
N=C1C([N+](=C(c2ccccc2)C1=C(c1ccccc1)c1ccccc1)[O-])(C#N)Cc1ccccc1,0.022134893
C(F)(F)(F)c1ccc2c(Oc3c(=N2)cc2Oc4cc(ccc4N=c2c3)C(F)(F)F)c1,0.224732241
C(F)(F)(F)c1cc2c(cc1)N=c1c(O2)cc2c(Oc3cc(C(F)(F)F)ccc3N=2)c1,0.224732241
O1c2cc(C(F)(F)F)ccc2N=c2cc3c(cc21)=Nc1c(O3)cc(cc1)C(F)(F)F,0.224732241
O1c2c(ccc(C(F)(F)F)c2)N=c2cc3Oc4cc(C(F)(F)F)ccc4N=c3cc21,0.224732241
O1c2cc3c(Oc4cc(C(F)(F)F)ccc4N=3)cc2=Nc2ccc(cc12)C(F)(F)F,0.224732241
c1(n[n+](-c2ccccc2)n(-c2ccccc2)n1)[O-],0.049034427
n1c([O-])nn([n+]1-c1ccccc1)-c1ccccc1,0.049034427
c1ccc(cc1)-n1[n+](nc(n1)[O-])-c1ccccc1,0.049034427
n1c([O-])n[n+](-c2ccccc2)n1-c1ccccc1,0.049034427
c1ccc(cc1)-n1[n+](nc(n1)[O-])-c1ccccc1,0.049034427
o1[n-][n+](c(c1=O)C(=C)C(C)C)-c1ccccc1,0.059683566
c1cccc(-[n+]2c(C(=C)C(C)C)c(=O)o[n-]2)c1,0.059683566
[n+]1(c(C(=C)C(C)C)c(o[n-]1)=O)-c1ccccc1,0.059683566
c1(ccccc1)-[n+]1c(c(=O)o[n-]1)C(=C)C(C)C,0.059683566
c1(-[n+]2c(c(o[n-]2)=O)C(=C)C(C)C)ccccc1,0.059683566
c1(C2=C(C(NC(=O)C(F)(F)F)(C(=C2C#N)C=[N+]([O-])c2ccc(cc2)N(C)C)C)C#N)ccccc1,0.264573259
FC(F)(F)C(=O)NC1(C)C(C#N)=C(c2ccccc2)C(C#N)=C1C=[N+](c1ccc(cc1)N(C)C)[O-],0.264573259
N#CC1=C(C=[N+](c2ccc(N(C)C)cc2)[O-])C(NC(=O)C(F)(F)F)(C)C(=C1c1ccccc1)C#N,0.264573259
C1(C(=C(C(C)(C=1C=[N+](c1ccc(N(C)C)cc1)[O-])NC(=O)C(F)(F)F)C#N)c1ccccc1)C#N,0.264573259
C1(C)(C(=C(c2ccccc2)C(C#N)=C1C=[N+](c1ccc(N(C)C)cc1)[O-])C#N)NC(=O)C(F)(F)F,0.264573259
c1cc2Oc3c(Cl)c4=Nc5ccccc5Oc4c(c3=Nc2cc1)Cl,0.465700532
c12c(Oc3ccccc3N=2)c(Cl)c2=Nc3ccccc3Oc2c1Cl,0.465700532
c12c(Cl)c3=Nc4ccccc4Oc3c(c2=Nc2ccccc2O1)Cl,0.465700532
c1cc2N=c3c(c(c4=Nc5ccccc5Oc4c3Cl)Cl)Oc2cc1,0.465700532
Clc1c2c(c(Cl)c3=Nc4ccccc4Oc13)Oc1c(N=2)cccc1,0.465700532
[n+]1(c(-c2csc(NNC(=O)c3ccccc3)n2)c(on1)[O-])-c1ccccc1,0.081899893
c1(on[n+](c1-c1nc(sc1)NNC(c1ccccc1)=O)-c1ccccc1)[O-],0.081899893
c1(ccccc1)-[n+]1c(-c2csc(n2)NNC(=O)c2ccccc2)c(on1)[O-],0.081899893
c1(nc(cs1)-c1c([O-])on[n+]1-c1ccccc1)NNC(c1ccccc1)=O,0.081899893
c1(-c2csc(n2)NNC(=O)c2ccccc2)c(on[n+]1-c1ccccc1)[O-],0.081899893
c1(c2ccccc2c(C2c3ccccc3Oc3c=2ccc(=C2C(CC(C)(CC2=O)C)=O)c3)c2c1cccc2)OCC,0.022932899
c1ccc2c(c3ccccc3c(c2c1)OCC)C1=c2c(Oc3ccccc31)cc(cc2)=C1C(CC(CC1=O)(C)C)=O,0.022932899
C1C(C(=c2cc3c(=C(c4ccccc4O3)c3c4c(cccc4)c(c4c3cccc4)OCC)cc2)C(CC1(C)C)=O)=O,0.022932899
c12c(Oc3cc(ccc3=C1c1c3c(cccc3)c(OCC)c3ccccc31)=C1C(=O)CC(CC1=O)(C)C)cccc2,0.022932899
c1c(=C2C(=O)CC(C)(CC2=O)C)cc2c(c1)=C(c1c3ccccc3c(OCC)c3ccccc13)c1c(O2)cccc1,0.022932899
C1(c2c(cc(OC)cc2C)C)=c2ccc(cc2Oc2c1cccc2)=C(C#N)C#N,0.040509254
c12ccccc1C(c1c(cc(cc1C)OC)C)=c1c(cc(=C(C#N)C#N)cc1)O2,0.040509254
c12ccccc2C(c2c(cc(OC)cc2C)C)=c2c(O1)cc(cc2)=C(C#N)C#N,0.040509254
c1c2Oc3c(C(=c2ccc1=C(C#N)C#N)c1c(cc(cc1C)OC)C)cccc3,0.040509254
c1c2c(=C(c3c(cccc3)O2)c2c(cc(OC)cc2C)C)ccc1=C(C#N)C#N,0.040509254
C1(C)(C)CC(C)(C=C2c3ccccc3[N+](=C21)[O-])C,0.062261678
c12ccccc2C2=CC(C)(CC(C2=[N+]1[O-])(C)C)C,0.062261678
CC1(C2C(=CC(C)(C1)C)c1ccccc1[N+]=2[O-])C,0.062261678
CC1(C)CC(C)(C)C=C2c3ccccc3[N+]([O-])=C21,0.062261678
CC1(C)CC(C=C2c3c(cccc3)[N+](=C12)[O-])(C)C,0.062261678
[O-]c1c(cc(cc1C(C)(C)C)-c1cc[n+](C)cc1)C(C)(C)C,0.072510093
C[n+]1ccc(cc1)-c1cc(C(C)(C)C)c(c(C(C)(C)C)c1)[O-],0.072510093
c1(cc(-c2cc[n+](C)cc2)cc(c1[O-])C(C)(C)C)C(C)(C)C,0.072510093
[O-]c1c(C(C)(C)C)cc(cc1C(C)(C)C)-c1cc[n+](cc1)C,0.072510093
c1(-c2cc(C(C)(C)C)c([O-])c(C(C)(C)C)c2)cc[n+](C)cc1,0.072510093
c1c(cccc1)C1c2[n+](noc2[N-]P(O1)(=O)Oc1ccccc1)-c1ccccc1,0.181371332
c1(ccccc1)OP1([N-]c2on[n+](-c3ccccc3)c2C(c2ccccc2)O1)=O,0.181371332
O(c1ccccc1)P1(OC(c2ccccc2)c2[n+](noc2[N-]1)-c1ccccc1)=O,0.181371332
c1cccc(c1)C1OP(=O)(Oc2ccccc2)[N-]c2on[n+](-c3ccccc3)c12,0.181371332
c12[n+](noc2[N-]P(=O)(Oc2ccccc2)OC1c1ccccc1)-c1ccccc1,0.181371332
c1c(cccc1)C(C(=c1ccc(cc1)=C(C#N)C#N)c1ccc(cc1)N(CC)CC)=C(C#N)C#N,0.472749029
c1c(ccc(c1)=C(C#N)C#N)=C(c1ccc(cc1)N(CC)CC)C(c1ccccc1)=C(C#N)C#N,0.472749029
C(#N)C(=c1ccc(cc1)=C(c1ccc(cc1)N(CC)CC)C(c1ccccc1)=C(C#N)C#N)C#N,0.472749029
C(C(C#N)=c1ccc(cc1)=C(c1ccc(N(CC)CC)cc1)C(=C(C#N)C#N)c1ccccc1)#N,0.472749029
c1cc(ccc1=C(C(=C(C#N)C#N)c1ccccc1)c1ccc(N(CC)CC)cc1)=C(C#N)C#N,0.472749029
c1c(C(F)(F)F)ccc(C2OP(Oc3ccccc3)([N-]c3on[n+](-c4ccccc4)c32)=O)c1,0.216503462
c1c(cccc1)-[n+]1c2c([N-]P(=O)(Oc3ccccc3)OC2c2ccc(C(F)(F)F)cc2)on1,0.216503462
c1cc(-[n+]2noc3c2C(c2ccc(cc2)C(F)(F)F)OP(=O)([N-]3)Oc2ccccc2)ccc1,0.216503462
c1ccccc1OP1(=O)[N-]c2on[n+](c2C(c2ccc(cc2)C(F)(F)F)O1)-c1ccccc1,0.216503462
c1ccc(cc1)OP1(=O)[N-]c2on[n+](-c3ccccc3)c2C(O1)c1ccc(cc1)C(F)(F)F,0.216503462
N1=C(c2[n+](-c3ccc(C)cc3)noc2[O-])CC(N1)c1ccccc1,0.149397147
N1=C(CC(N1)c1ccccc1)c1[n+](noc1[O-])-c1ccc(cc1)C,0.149397147
o1n[n+](-c2ccc(C)cc2)c(c1[O-])C1=NNC(C1)c1ccccc1,0.149397147
c1cc(ccc1-[n+]1c(c(on1)[O-])C1CC(NN=1)c1ccccc1)C,0.149397147
c1cc(ccc1)C1CC(=NN1)c1[n+](-c2ccc(C)cc2)noc1[O-],0.149397147
CC([n+]1noc2[N-]C(C(C)Sc21)=O)C,0.033829722
CC1Sc2c([N-]C1=O)on[n+]2C(C)C,0.033829722
c12SC(C)C([N-]c1on[n+]2C(C)C)=O,0.033829722
[n+]1(C(C)C)noc2[N-]C(C(C)Sc21)=O,0.033829722
S1C(C(=O)[N-]c2c1[n+](no2)C(C)C)C,0.033829722
c12c(c3c(Oc4cccc(C#N)c4N=3)c(C#C[Si](C(C)C)(C(C)C)C(C)C)c1=Nc1c(cccc1O2)C#N)C#C[Si](C(C)C)(C(C)C)C(C)C,0.115508953
c12c(C#C[Si](C(C)C)(C(C)C)C(C)C)c3c(=Nc4c(O3)cccc4C#N)c(C#C[Si](C(C)C)(C(C)C)C(C)C)c2Oc2cccc(C#N)c2N=1,0.115508953
c12c(c3=Nc4c(cccc4Oc3c(C#C[Si](C(C)C)(C(C)C)C(C)C)c2=Nc2c(O1)cccc2C#N)C#N)C#C[Si](C(C)C)(C(C)C)C(C)C,0.115508953
c1(C#N)c2c(Oc3c(c(C#C[Si](C(C)C)(C(C)C)C(C)C)c4c(=Nc5c(cccc5O4)C#N)c3C#C[Si](C(C)C)(C(C)C)C(C)C)=N2)ccc1,0.115508953
CC([Si](C#Cc1c2Oc3cccc(c3N=c2c(C#C[Si](C(C)C)(C(C)C)C(C)C)c2Oc3c(N=c12)c(C#N)ccc3)C#N)(C(C)C)C(C)C)C,0.115508953
c1ccc(C=CC=C2C(c3ccccc3)=[N+]([O-])C2c2ccccc2)cc1,0.081640552
c1c(C=CC=C2C(=[N+](C2c2ccccc2)[O-])c2ccccc2)cccc1,0.081640552
c1c(C2=[N+](C(c3ccccc3)C2=CC=Cc2ccccc2)[O-])cccc1,0.081640552
c1ccccc1C=CC=C1C(=[N+]([O-])C1c1ccccc1)c1ccccc1,0.081640552
c1c(C=CC=C2C(c3ccccc3)=[N+]([O-])C2c2ccccc2)cccc1,0.081640552
C(=C)CC12C(=CC(=[N+]2[O-])c2ccccc2)C=CCC1,0.106837281
c1ccccc1C1C=C2C=CCCC2([N+]=1[O-])CC=C,0.106837281
c1ccccc1C1C=C2C([N+]=1[O-])(CCC=C2)CC=C,0.106837281
c1cccc(c1)C1C=C2C=CCCC2(CC=C)[N+]=1[O-],0.106837281
[N+]1(=C(c2ccccc2)C=C2C=CCCC12CC=C)[O-],0.106837281
c1cc2cc3ccccc3c3c4c(c5c6c(cc7c5c(ccc7)c4)cccc6)cc(c1)c23,0.016816789
c1cc2cc3c4c(cc5c6c7c(cc8c6cccc8)cccc7cc5c4c2cc1)ccc3,0.016816789
c1ccc2c(c1)c1c3c(c2)cccc3cc2c1cc1cccc3cc4c(c2c13)cccc4,0.016816789
c1c2c3c(c4c(cc3cc1)c1c3c(cccc3c4)cc3ccccc31)c1c(c2)cccc1,0.016816789
c1ccc2c(c1)c1c3c(cccc3c2)cc2c1cc1cccc3cc4ccccc4c2c31,0.016816789
F[B-]1(F)N(N=C(c2cc(ccc2)C2=NN([B-]([N+](c3ccccc3)=N2)(F)F)c2ccccc2)N=[N+]1c1ccccc1)c1ccccc1,0.02631797
N1=[N+](c2ccccc2)[B-](F)(F)N(N=C1c1cccc(C2=NN([B-](F)(F)[N+](c3ccccc3)=N2)c2ccccc2)c1)c1ccccc1,0.02631797
c1c(N2N=C(c3cc(C4N=[N+]([B-](F)(N(c5ccccc5)N=4)F)c4ccccc4)ccc3)N=[N+](c3ccccc3)[B-]2(F)F)cccc1,0.02631797
c1c(N2N=C(N=[N+](c3ccccc3)[B-]2(F)F)c2cccc(C3N=[N+]([B-](F)(F)N(N=3)c3ccccc3)c3ccccc3)c2)cccc1,0.02631797
c1(ccccc1)N1[B-]([N+](=NC(=N1)c1cccc(C2N=[N+]([B-](F)(N(N=2)c2ccccc2)F)c2ccccc2)c1)c1ccccc1)(F)F,0.02631797
C(c1c2c([n+](n1-c1cccc3c1cccc3)[O-])cccc2)#N,0.061509965
c12cccc(c2cccc1)-n1c(c2ccccc2[n+]1[O-])C#N,0.061509965
c12ccccc1c(C#N)n(-c1c3c(cccc3)ccc1)[n+]2[O-],0.061509965
c12c(cccc2-n2[n+](c3c(c2C#N)cccc3)[O-])cccc1,0.061509965
c1ccc2ccccc2c1-n1c(c2ccccc2[n+]1[O-])C#N,0.061509965
c12ccccc2C(C(=C2Nc3ccccc3C2=NC(C)(C)C)N1)=NC(C)(C)C,0.549021542
N(C(C)(C)C)=C1c2c(NC1=C1Nc3ccccc3C1=NC(C)(C)C)cccc2,0.549021542
c1c2c(ccc1)NC(=C1C(=NC(C)(C)C)c3c(cccc3)N1)C2=NC(C)(C)C,0.549021542
c1c2c(NC(C2=NC(C)(C)C)=C2Nc3ccccc3C2=NC(C)(C)C)ccc1,0.549021542
c1c2c(NC(C2=NC(C)(C)C)=C2Nc3ccccc3C2=NC(C)(C)C)ccc1,0.549021542
C([Si](C(C)C)(C(C)C)C#Cc1c2Oc3c(ccc(C#N)c3)N=c2c(c2Oc3cc(ccc3N=c12)C#N)C#C[Si](C(C)C)(C(C)C)C(C)C)(C)C,0.043547468
CC(C)[Si](C(C)C)(C(C)C)C#Cc1c2=Nc3ccc(C#N)cc3Oc2c(C#C[Si](C(C)C)(C(C)C)C(C)C)c2=Nc3c(Oc21)cc(cc3)C#N,0.043547468
c1cc(C#N)cc2Oc3c(C#C[Si](C(C)C)(C(C)C)C(C)C)c4=Nc5ccc(C#N)cc5Oc4c(C#C[Si](C(C)C)(C(C)C)C(C)C)c3=Nc21,0.043547468
c12c(Oc3c(c(C#C[Si](C(C)C)(C(C)C)C(C)C)c4Oc5cc(ccc5N=c4c3C#C[Si](C(C)C)(C(C)C)C(C)C)C#N)=N2)cc(cc1)C#N,0.043547468
N#Cc1ccc2N=c3c(c(c4=Nc5c(cc(cc5)C#N)Oc4c3C#C[Si](C(C)C)(C(C)C)C(C)C)C#C[Si](C(C)C)(C(C)C)C(C)C)Oc2c1,0.043547468
N(c1ccc(N(CC)CC)cc1NC(=O)C)=C1c2ccccc2C(=C(C#N)C#N)C=C1,0.023402754
c12ccccc1C(C=CC2=Nc1c(NC(C)=O)cc(N(CC)CC)cc1)=C(C#N)C#N,0.023402754
CCN(c1ccc(c(c1)NC(C)=O)N=C1C=CC(c2ccccc12)=C(C#N)C#N)CC,0.023402754
N(=C1c2ccccc2C(=C(C#N)C#N)C=C1)c1ccc(cc1NC(=O)C)N(CC)CC,0.023402754
CCN(CC)c1ccc(N=C2C=CC(=C(C#N)C#N)c3ccccc32)c(c1)NC(=O)C,0.023402754
[N+]1(=C(C(=O)c2ccccc21)c1ccc(cc1)F)[O-],0.303805271
c1cccc2C(=O)C(c3ccc(cc3)F)=[N+]([O-])c21,0.303805271
c1(ccc(cc1)F)C1=[N+]([O-])c2ccccc2C1=O,0.303805271
c1cc(ccc1F)C1=[N+](c2c(cccc2)C1=O)[O-],0.303805271
c1c2c(ccc1)[N+]([O-])=C(C2=O)c1ccc(cc1)F,0.303805271
C1(C(=O)c2ccccc2[N+]=1[O-])c1ccc(Cl)cc1,0.475260658
[O-][N+]1c2ccccc2C(=O)C=1c1ccc(Cl)cc1,0.475260658
c1c2c(ccc1)[N+](=C(C2=O)c1ccc(Cl)cc1)[O-],0.475260658
c1cc(ccc1C1=[N+](c2c(cccc2)C1=O)[O-])Cl,0.475260658
c1c2c(ccc1)C(=O)C(c1ccc(cc1)Cl)=[N+]2[O-],0.475260658
C(C)c1ccc2cc(-c3c(o[n-][n+]3-c3ccccc3)=O)cn2c1,0.031318443
c1c(cccc1)-[n+]1c(-c2cn3cc(ccc3c2)CC)c(=O)o[n-]1,0.031318443
c1c(cccc1)-[n+]1[n-]oc(c1-c1cc2ccc(cn2c1)CC)=O,0.031318443
c1(cn2c(cc1)cc(-c1c(=O)o[n-][n+]1-c1ccccc1)c2)CC,0.031318443
c1c(-[n+]2[n-]oc(c2-c2cc3n(c2)cc(cc3)CC)=O)cccc1,0.031318443
C1(c2ccccc2)=[N+](c2cc(ccc2C1=O)C)[O-],0.235399415
O=C1C(=[N+](c2c1ccc(C)c2)[O-])c1ccccc1,0.235399415
c1cc2c(cc1C)[N+](=C(C2=O)c1ccccc1)[O-],0.235399415
c1(C)cc2c(C(C(=[N+]2[O-])c2ccccc2)=O)cc1,0.235399415
[O-][N+]1c2cc(ccc2C(=O)C=1c1ccccc1)C,0.235399415
c1c(C)cc(c(N=C2c3ccccc3NC2=C2C(c3c(cccc3)N2)=Nc2c(cc(C)cc2C)C)c1C)C,0.072518538
c1c(C)cc(c(N=C2C(Nc3c2cccc3)=C2C(c3c(cccc3)N2)=Nc2c(C)cc(C)cc2C)c1C)C,0.072518538
Cc1cc(C)cc(C)c1N=C1C(Nc2ccccc21)=C1C(=Nc2c(C)cc(C)cc2C)c2ccccc2N1,0.072518538
c1(cc(c(c(C)c1)N=C1C(Nc2c1cccc2)=C1C(=Nc2c(C)cc(C)cc2C)c2c(cccc2)N1)C)C,0.072518538
c1(c(cc(cc1C)C)C)N=C1c2ccccc2NC1=C1C(=Nc2c(cc(cc2C)C)C)c2c(cccc2)N1,0.072518538
c1cc(ccc1Cl)-[c-]1c(on[n+]1-c1ccc(Cl)cc1)=O,0.011294661
c1cc(-[c-]2[n+](noc2=O)-c2ccc(cc2)Cl)ccc1Cl,0.011294661
c1cc(-[n+]2noc([c-]2-c2ccc(cc2)Cl)=O)ccc1Cl,0.011294661
Clc1ccc(cc1)-[n+]1noc(=O)[c-]1-c1ccc(Cl)cc1,0.011294661
c1(Cl)ccc(-[n+]2noc(=O)[c-]2-c2ccc(cc2)Cl)cc1,0.011294661
c1ccc2C(=O)C3C(=C(Nc4ccc(cc4)CCCC)c2c1)C(C(=CC=3O)Nc1ccc(cc1)CCCC)=O,0.07977596
C(CCc1ccc(cc1)NC1=CC(=C2C(=O)c3c(cccc3)C(Nc3ccc(CCCC)cc3)=C2C1=O)O)C,0.07977596
C1(Nc2ccc(CCCC)cc2)=C2C(=O)C(=CC(=C2C(=O)c2c1cccc2)O)Nc1ccc(cc1)CCCC,0.07977596
C(CCC)c1ccc(NC2c3ccccc3C(C3C=2C(=O)C(=CC=3O)Nc2ccc(cc2)CCCC)=O)cc1,0.07977596
N(c1ccc(CCCC)cc1)C1=C2C(C(=O)c3c1cccc3)=C(O)C=C(C2=O)Nc1ccc(cc1)CCCC,0.07977596
ON=C([c-]1[n+](-c2ccccc2)noc1=O)C,0.275171831
CC([c-]1[n+](-c2ccccc2)noc1=O)=NO,0.275171831
o1c(=O)[c-]([n+](-c2ccccc2)n1)C(=NO)C,0.275171831
CC(=NO)[c-]1[n+](-c2ccccc2)noc1=O,0.275171831
c1ccc(cc1)-[n+]1noc(=O)[c-]1C(C)=NO,0.275171831
c12ccccc1C(C(=C1C(=O)c3c(cccc3)N1)N2)=O,0.458371822
C1(=C2Nc3c(C2=O)cccc3)Nc2ccccc2C1=O,0.458371822
C1(Nc2ccccc2C1=O)=C1C(c2c(N1)cccc2)=O,0.458371822
C1(=C2C(=O)c3c(cccc3)N2)Nc2c(cccc2)C1=O,0.458371822
c12NC(=C3Nc4ccccc4C3=O)C(=O)c2cccc1,0.458371822
c1c2ccccc2cc2c1c(-c1ccccc1)c1c(c2-c2ccccc2)cc2ccccc2c1,0.059614081
c1(-c2ccccc2)c2c(c(c3cc4ccccc4cc31)-c1ccccc1)cc1c(c2)cccc1,0.059614081
c1cc(ccc1)-c1c2cc3c(cccc3)cc2c(-c2ccccc2)c2c1cc1c(cccc1)c2,0.059614081
c1c(cccc1)-c1c2cc3ccccc3cc2c(-c2ccccc2)c2cc3c(cccc3)cc21,0.059614081
c12cc3c(cc2c(c2cc4c(cccc4)cc2c1-c1ccccc1)-c1ccccc1)cccc3,0.059614081
c1c(-c2[nH]nc(-c3c([O-])on[n+]3-c3ccc(cc3)C)n2)scc1,0.003292383
c1sc(cc1)-c1nc(n[nH]1)-c1[n+](-c2ccc(C)cc2)noc1[O-],0.003292383
s1cccc1-c1[nH]nc(n1)-c1[n+](noc1[O-])-c1ccc(cc1)C,0.003292383
c1cc(C)ccc1-[n+]1noc([O-])c1-c1n[nH]c(n1)-c1cccs1,0.003292383
c1(-c2[nH]nc(n2)-c2c([O-])on[n+]2-c2ccc(C)cc2)sccc1,0.003292383
c12ccccc1[n+](c1c(c3c(cccc3cc1)Cl)n2)[O-],0.030674333
[O-][n+]1c2c(nc3c1ccc1c3c(ccc1)Cl)cccc2,0.030674333
[n+]1([O-])c2ccc3c(c(Cl)ccc3)c2nc2ccccc12,0.030674333
c12ccc3c(c2c(Cl)ccc1)nc1ccccc1[n+]3[O-],0.030674333
c12ccc3c(c1c(ccc2)Cl)nc1ccccc1[n+]3[O-],0.030674333
c1c(-[n+]2noc(c2-c2noc(n2)CCl)[O-])ccc(Br)c1,0.024667485
c1c(Br)ccc(c1)-[n+]1noc(c1-c1noc(CCl)n1)[O-],0.024667485
c1(on[n+](c1-c1noc(CCl)n1)-c1ccc(Br)cc1)[O-],0.024667485
c1(ccc(Br)cc1)-[n+]1c(c([O-])on1)-c1noc(n1)CCl,0.024667485
n1c(noc1CCl)-c1c([O-])on[n+]1-c1ccc(Br)cc1,0.024667485
c1(Br)ccc(-[n+]2[cH-]c(=O)on2)cc1,0.397815162
c1cc(-[n+]2noc(=O)[cH-]2)ccc1Br,0.397815162
c1c(-[n+]2noc(=O)[cH-]2)ccc(c1)Br,0.397815162
c1cc(ccc1Br)-[n+]1[cH-]c(on1)=O,0.397815162
c1cc(Br)ccc1-[n+]1noc(=O)[cH-]1,0.397815162
c1(c(c(C)cc(c1)C)[Si](c1c(cc(cc1C)C)C)=[Si](c1c(C)cc(cc1C)C)c1c(cc(C)cc1C)C)C,0.184807431
c1(cc(C)c([Si](=[Si](c2c(C)cc(C)cc2C)c2c(C)cc(C)cc2C)c2c(C)cc(cc2C)C)c(c1)C)C,0.184807431
Cc1cc(cc(c1[Si](=[Si](c1c(C)cc(cc1C)C)c1c(cc(cc1C)C)C)c1c(cc(cc1C)C)C)C)C,0.184807431
Cc1c([Si](=[Si](c2c(C)cc(cc2C)C)c2c(cc(C)cc2C)C)c2c(C)cc(cc2C)C)c(C)cc(C)c1,0.184807431
Cc1cc(C)c(c(C)c1)[Si](c1c(C)cc(C)cc1C)=[Si](c1c(C)cc(cc1C)C)c1c(cc(cc1C)C)C,0.184807431
CC1(C(O)[N+]([O-])=C(C1)C=Cc1ccccc1)C,0.119223043
OC1C(CC(C=Cc2ccccc2)=[N+]1[O-])(C)C,0.119223043
C(=CC1CC(C)(C)C([N+]=1[O-])O)c1ccccc1,0.119223043
c1cccc(c1)C=CC1=[N+]([O-])C(O)C(C)(C1)C,0.119223043
c1cccc(c1)C=CC1CC(C([N+]=1[O-])O)(C)C,0.119223043
c1(C2=NC(C(=C2)c2cc(Br)cc(Br)c2)=Nc2[nH]c(-c3ccccc3)cc2-c2cc(cc(c2)Br)Br)ccccc1,0.097340641
c1(ccccc1)C1C=C(c2cc(cc(Br)c2)Br)C(N=1)=Nc1[nH]c(cc1-c1cc(Br)cc(Br)c1)-c1ccccc1,0.097340641
C1(c2cc(cc(c2)Br)Br)C(=Nc2[nH]c(-c3ccccc3)cc2-c2cc(Br)cc(Br)c2)N=C(C=1)c1ccccc1,0.097340641
N1=C(c2ccccc2)C=C(C1=Nc1c(-c2cc(Br)cc(c2)Br)cc([nH]1)-c1ccccc1)c1cc(Br)cc(Br)c1,0.097340641
c1cc(C2=NC(=Nc3[nH]c(-c4ccccc4)cc3-c3cc(cc(c3)Br)Br)C(c3cc(cc(c3)Br)Br)=C2)ccc1,0.097340641
CN(C)N=CC(C#N)=C(C#N)C=NN(C)C,0.058276898
N#CC(C=NN(C)C)=C(C#N)C=NN(C)C,0.058276898
N(=CC(C#N)=C(C=NN(C)C)C#N)N(C)C,0.058276898
C(C=NN(C)C)(=C(C=NN(C)C)C#N)C#N,0.058276898
C(=NN(C)C)C(C#N)=C(C=NN(C)C)C#N,0.058276898
c1(N=C2SN=S=C2c2ccccc2)c(-c2ccccc2)nsn1,0.033827692
c1c(cccc1)-c1nsnc1N=C1SN=S=C1c1ccccc1,0.033827692
c1cc(-c2nsnc2N=C2SN=S=C2c2ccccc2)ccc1,0.033827692
n1c(-c2ccccc2)c(ns1)N=C1SN=S=C1c1ccccc1,0.033827692
S1C(=Nc2c(nsn2)-c2ccccc2)C(c2ccccc2)=S=N1,0.033827692
C1(c2ccc(cc2)[N+]([O-])=O)C2=NC(C=C2)=C(c2oc(C(=C(c3oc(cc3)C(=c3ccc=1[nH]3)c1ccc(cc1)OC)C)C)cc2)c1ccc(cc1)OC,0.039070205
o1c2C(C)=C(c3ccc(C(c4ccc(OC)cc4)=c4ccc([nH]4)=C(C4C=CC(N=4)=C(c4ccc(OC)cc4)c1cc2)c1ccc(cc1)[N+](=O)[O-])o3)C,0.039070205
CC1c2oc(C(=c3[nH]c(=C(c4ccc([N+](=O)[O-])cc4)C4=NC(=C(c5ccc(C=1C)o5)c1ccc(OC)cc1)C=C4)cc3)c1ccc(OC)cc1)cc2,0.039070205
o1c2C(c3ccc(OC)cc3)=c3ccc(=C(C4C=CC(N=4)=C(c4ccc(OC)cc4)c4oc(C(=C(C)c1cc2)C)cc4)c1ccc([N+](=O)[O-])cc1)[nH]3,0.039070205
c1cc2=C(c3oc(cc3)C(C)=C(C)c3ccc(C(=C4C=CC(C(=c1[nH]2)c1ccc([N+]([O-])=O)cc1)=N4)c1ccc(cc1)OC)o3)c1ccc(OC)cc1,0.039070205
c1cc2c(cc1)c(sc2)CC(OC)=O,0.079050392
c1cccc2c(CC(=O)OC)scc12,0.079050392
O=C(Cc1scc2ccccc12)OC,0.079050392
s1c(CC(=O)OC)c2ccccc2c1,0.079050392
c1sc(CC(OC)=O)c2ccccc21,0.079050392
c1cc2C(C(=C3Nc4c(ccc(c4)Cl)C3=O)Nc2cc1Cl)=O,0.074458867
c12c(cc(Cl)cc1)NC(C2=O)=C1Nc2c(ccc(Cl)c2)C1=O,0.074458867
c12c(ccc(Cl)c2)C(C(=C2C(=O)c3c(cc(Cl)cc3)N2)N1)=O,0.074458867
C1(=O)C(Nc2cc(Cl)ccc12)=C1C(=O)c2ccc(Cl)cc2N1,0.074458867
C1(Nc2cc(Cl)ccc2C1=O)=C1Nc2cc(Cl)ccc2C1=O,0.074458867
N1C(C2C(=C1c1ccc(cc1)Br)C(=O)NC=2c1ccc(Br)cc1)=O,0.183316416
C1(=O)NC(c2ccc(Br)cc2)=C2C1=C(NC2=O)c1ccc(Br)cc1,0.183316416
c1cc(ccc1C1NC(C2C=1C(NC=2c1ccc(Br)cc1)=O)=O)Br,0.183316416
Brc1ccc(C2=C3C(=O)NC(c4ccc(cc4)Br)=C3C(=O)N2)cc1,0.183316416
Brc1ccc(C2=C3C(NC(c4ccc(cc4)Br)=C3C(=O)N2)=O)cc1,0.183316416
C[Si](C1([Si](=[Si](c2cccs2)c2c(cc(cc2C)C)C)C([Si](C)(C)C)([Si](C)(C)C)CC1)[Si](C)(C)C)(C)C,0.026979284
C[Si](C)(C)C1([Si](C)(C)C)CCC([Si](C)(C)C)([Si]1=[Si](c1c(cc(cc1C)C)C)c1sccc1)[Si](C)(C)C,0.026979284
C[Si](C)(C1(CCC([Si](C)(C)C)([Si](C)(C)C)[Si]1=[Si](c1cccs1)c1c(cc(cc1C)C)C)[Si](C)(C)C)C,0.026979284
C[Si](C)(C1([Si](C)(C)C)CCC([Si]1=[Si](c1sccc1)c1c(C)cc(C)cc1C)([Si](C)(C)C)[Si](C)(C)C)C,0.026979284
C1CC([Si](C)(C)C)([Si](C1([Si](C)(C)C)[Si](C)(C)C)=[Si](c1c(C)cc(cc1C)C)c1cccs1)[Si](C)(C)C,0.026979284
c1cccc(-[n+]2c(C(=NO)Cl)c([O-])on2)c1,0.202655739
C(c1[n+](-c2ccccc2)noc1[O-])(Cl)=NO,0.202655739
c1cccc(c1)-[n+]1noc(c1C(=NO)Cl)[O-],0.202655739
c1ccc(cc1)-[n+]1c(C(Cl)=NO)c(on1)[O-],0.202655739
c1(-[n+]2c(C(Cl)=NO)c([O-])on2)ccccc1,0.202655739
c1ccc(cc1)[Si]1C([Si](C)(C)C)([Si](C)(C)C)CCC([Si]=1c1ccccc1)([Si](C)(C)C)[Si](C)(C)C,0.027772394
[Si](C)(C1([Si](=[Si](C(CC1)([Si](C)(C)C)[Si](C)(C)C)c1ccccc1)c1ccccc1)[Si](C)(C)C)(C)C,0.027772394
[Si](C)(C1([Si](C)(C)C)CCC([Si](C)(C)C)([Si](C)(C)C)[Si](c2ccccc2)=[Si]1c1ccccc1)(C)C,0.027772394
C[Si](C1([Si](C)(C)C)CCC([Si](C)(C)C)([Si](=[Si]1c1ccccc1)c1ccccc1)[Si](C)(C)C)(C)C,0.027772394
[Si](C1([Si](C)(C)C)CCC([Si](c2ccccc2)=[Si]1c1ccccc1)([Si](C)(C)C)[Si](C)(C)C)(C)(C)C,0.027772394
[O-][N+](c1ccc([N+]2[N-]C(=Nc3cc(on3)C)C3(CCCC3)N=2)cc1)=O,0.130752885
C1CCCC21N=[N+](c1ccc([N+]([O-])=O)cc1)[N-]C2=Nc1cc(C)on1,0.130752885
c1(C)cc(N=C2[N-][N+](c3ccc(cc3)[N+]([O-])=O)=NC32CCCC3)no1,0.130752885
o1c(C)cc(N=C2[N-][N+](=NC32CCCC3)c2ccc(cc2)[N+]([O-])=O)n1,0.130752885
c1([N+]2=NC3(CCCC3)C([N-]2)=Nc2noc(C)c2)ccc(cc1)[N+](=O)[O-],0.130752885
c1(ccccc1)N=S=NSN=S=Nc1ccccc1,0.107526011
c1c(N=S=NSN=S=Nc2ccccc2)cccc1,0.107526011
S(=NSN=S=Nc1ccccc1)=Nc1ccccc1,0.107526011
N(SN=S=Nc1ccccc1)=S=Nc1ccccc1,0.107526011
c1c(cccc1)N=S=NSN=S=Nc1ccccc1,0.107526011
C(=CC=CN1CCCC1)C=CC1C(C)(C)OC(C=1C#N)=C(C#N)C#N,0.012104537
C(C=CC=CC1C(C)(OC(C=1C#N)=C(C#N)C#N)C)=CN1CCCC1,0.012104537
C1(C(C#N)=C(C=CC=CC=CN2CCCC2)C(C)(C)O1)=C(C#N)C#N,0.012104537
C1CCN(C=CC=CC=CC2C(OC(=C(C#N)C#N)C=2C#N)(C)C)C1,0.012104537
N1(C=CC=CC=CC2C(OC(C=2C#N)=C(C#N)C#N)(C)C)CCCC1,0.012104537
C(C(=C1OC(C(=C1C#N)C=CC=CC=CC=C1C(C)(C)c2ccccc2N1CCO)(C)C)C#N)#N,0.190116223
c1c2c(N(C(=CC=CC=CC=CC3=C(C#N)C(=C(C#N)C#N)OC3(C)C)C2(C)C)CCO)ccc1,0.190116223
C(=CC=C1N(c2ccccc2C1(C)C)CCO)C=CC=CC1=C(C(OC1(C)C)=C(C#N)C#N)C#N,0.190116223
CC1(C)C(=CC=CC=CC=CC2=C(C(=C(C#N)C#N)OC2(C)C)C#N)N(c2ccccc21)CCO,0.190116223
C(C1C(OC(C=1C#N)=C(C#N)C#N)(C)C)=CC=CC=CC=C1C(C)(C)c2ccccc2N1CCO,0.190116223
CN(C)c1ccc(C#CC(C#Cc2ccc(N(C)C)cc2)=CC=C(C#N)C#N)cc1,0.136275007
C(#Cc1ccc(cc1)N(C)C)C(=CC=C(C#N)C#N)C#Cc1ccc(N(C)C)cc1,0.136275007
c1(ccc(N(C)C)cc1)C#CC(C#Cc1ccc(N(C)C)cc1)=CC=C(C#N)C#N,0.136275007
C(c1ccc(cc1)N(C)C)#CC(=CC=C(C#N)C#N)C#Cc1ccc(N(C)C)cc1,0.136275007
c1(C#CC(=CC=C(C#N)C#N)C#Cc2ccc(N(C)C)cc2)ccc(N(C)C)cc1,0.136275007
c12c(c(Cc3cccc(c3O)Cc3c(c(ccc3)CC3C(=O)C(C2)=CC(C=3)=Nc2ccc(cc2C)N(CC)CC)O)ccc1)O,0.211949632
c1c(N(CC)CC)ccc(c1C)N=C1C=C2Cc3c(c(ccc3)Cc3cccc(Cc4cccc(CC(=C1)C2=O)c4O)c3O)O,0.211949632
c12c(c(ccc2)CC2=CC(=Nc3c(C)cc(cc3)N(CC)CC)C=C(C2=O)Cc2c(O)c(Cc3cccc(c3O)C1)ccc2)O,0.211949632
c1cc(c(cc1N(CC)CC)C)N=C1C=C2Cc3c(O)c(ccc3)Cc3cccc(c3O)Cc3cccc(c3O)CC(C2=O)=C1,0.211949632
c1(cc(ccc1N=C1C=C2C(C(=C1)Cc1cccc(c1O)Cc1c(c(ccc1)Cc1cccc(C2)c1O)O)=O)N(CC)CC)C,0.211949632
c1(cc(ccc1)OC)C(C)=C1C(=O)OC(=C1C(C)C)C(C#N)=C,0.568146084
C(=C)(C1OC(=O)C(C=1C(C)C)=C(C)c1cc(ccc1)OC)C#N,0.568146084
C1(=C(C(=C(c2cc(ccc2)OC)C)C(=O)O1)C(C)C)C(C#N)=C,0.568146084
C(=C)(C#N)C1OC(C(C=1C(C)C)=C(c1cccc(OC)c1)C)=O,0.568146084
COc1cc(ccc1)C(C)=C1C(=O)OC(=C1C(C)C)C(C#N)=C,0.568146084
C(CCCCBr)CN1C(=O)C(=C2C(N(CCCCCCBr)c3ccccc32)=O)c2ccccc12,0.144375622
C(CCCCBr)CN1c2ccccc2C(C1=O)=C1C(=O)N(c2c1cccc2)CCCCCCBr,0.144375622
N1(CCCCCCBr)c2c(C(=C3c4c(cccc4)N(CCCCCCBr)C3=O)C1=O)cccc2,0.144375622
C1(C(=C2C(=O)N(CCCCCCBr)c3c2cccc3)c2ccccc2N1CCCCCCBr)=O,0.144375622
C(CCCCCBr)N1C(C(=C2c3c(cccc3)N(CCCCCCBr)C2=O)c2c1cccc2)=O,0.144375622
c1cc(c(cc1)C=CC1CC(C)(C)C=C(O)C=1)Cl,0.31121117
c1(Cl)c(C=CC2CC(C)(C)C=C(O)C=2)cccc1,0.31121117
c1(C=CC2=CC(=CC(C)(C2)C)O)ccccc1Cl,0.31121117
C1C(=CC(C)(C)CC=1C=Cc1ccccc1Cl)O,0.31121117
C(=Cc1ccccc1Cl)C1CC(C)(C)C=C(O)C=1,0.31121117
S1C(C(=O)Nc2c1ccc(C(F)(F)F)c2)=C1Sc2c(NC1=O)cc(cc2)C(F)(F)F,0.424841841
c1c(ccc2SC(=C3Sc4c(cc(cc4)C(F)(F)F)NC3=O)C(Nc21)=O)C(F)(F)F,0.424841841
c1c2SC(=C3C(=O)Nc4cc(C(F)(F)F)ccc4S3)C(=O)Nc2cc(c1)C(F)(F)F,0.424841841
O=C1Nc2cc(C(F)(F)F)ccc2SC1=C1C(Nc2c(ccc(C(F)(F)F)c2)S1)=O,0.424841841
N1C(C(=C2Sc3ccc(cc3NC2=O)C(F)(F)F)Sc2ccc(cc21)C(F)(F)F)=O,0.424841841
c1c2c(cc3c(c2)cccc3)ccc1,0.372126733
c1c2ccccc2cc2ccccc12,0.372126733
c1c2c(cccc2)cc2ccccc12,0.372126733
c1c2c(ccc1)cc1ccccc1c2,0.372126733
c1cc2c(cc1)cc1ccccc1c2,0.372126733
c1c(N=C2C(F)=C(C(=Nc3ccc(cc3)I)C(=C2F)F)F)ccc(I)c1,0.479323497
C1(=Nc2ccc(I)cc2)C(F)=C(F)C(C(=C1F)F)=Nc1ccc(I)cc1,0.479323497
FC1=C(F)C(C(F)=C(F)C1=Nc1ccc(cc1)I)=Nc1ccc(I)cc1,0.479323497
c1c(I)ccc(N=C2C(=C(F)C(=Nc3ccc(cc3)I)C(F)=C2F)F)c1,0.479323497
c1cc(N=C2C(F)=C(C(C(=C2F)F)=Nc2ccc(cc2)I)F)ccc1I,0.479323497
CC1(CNC(=C1O)C1=C(O)C(C)(C)CN1)C,0.390854249
C1(C2=C(C(C)(CN2)C)O)NCC(C=1O)(C)C,0.390854249
C1(=C(C2NCC(C)(C=2O)C)NCC1(C)C)O,0.390854249
CC1(CNC(=C1O)C1NCC(C)(C)C=1O)C,0.390854249
C1(O)=C(C2NCC(C=2O)(C)C)NCC1(C)C,0.390854249
O=S(c1ccc(cc1)C)(=O)N(Cc1ccccc1)C(c1cc(occ1)=O)=CC(N(CC)CC)=O,0.69769857
c1cccc(CN(S(=O)(c2ccc(cc2)C)=O)C(=CC(=O)N(CC)CC)c2cc(=O)occ2)c1,0.69769857
c1(ccc(S(=O)(=O)N(C(=CC(=O)N(CC)CC)c2cc(occ2)=O)Cc2ccccc2)cc1)C,0.69769857
c1(S(=O)(=O)N(Cc2ccccc2)C(=CC(=O)N(CC)CC)c2cc(occ2)=O)ccc(cc1)C,0.69769857
c1coc(cc1C(=CC(N(CC)CC)=O)N(S(c1ccc(cc1)C)(=O)=O)Cc1ccccc1)=O,0.69769857
FC(C1C(C(OC)=O)=C(c2ccc(cc2)OC)C(C=1NC(C)(C)C)(C#N)C#N)(F)F,0.339495912
FC(F)(C1C(=C(C(C=1NC(C)(C)C)(C#N)C#N)c1ccc(cc1)OC)C(OC)=O)F,0.339495912
C(F)(F)(F)C1=C(C(C#N)(C#N)C(=C1C(OC)=O)c1ccc(OC)cc1)NC(C)(C)C,0.339495912
O=C(OC)C1C(C(F)(F)F)=C(C(C#N)(C=1c1ccc(cc1)OC)C#N)NC(C)(C)C,0.339495912
COc1ccc(C2=C(C(=C(C2(C#N)C#N)NC(C)(C)C)C(F)(F)F)C(=O)OC)cc1,0.339495912
s1c(c(c2CC=CCc12)C(OCC)=O)N=CC(C(C)=O)=NNc1ccccc1C(=O)OC,0.215728469
c12CC=CCc2sc(N=CC(C(C)=O)=NNc2c(cccc2)C(=O)OC)c1C(OCC)=O,0.215728469
C(OCC)(c1c2CC=CCc2sc1N=CC(C(=O)C)=NNc1ccccc1C(=O)OC)=O,0.215728469
O=C(C(C=Nc1sc2c(CC=CC2)c1C(=O)OCC)=NNc1c(C(OC)=O)cccc1)C,0.215728469
C(=O)(C)C(C=Nc1c(C(=O)OCC)c2CC=CCc2s1)=NNc1ccccc1C(=O)OC,0.215728469
C12C(=C(C(=O)N2c2ccc(C(C)(C)C)cc2)c2sc(Br)cc2)N(C(=O)C=1c1sc(cc1)Br)c1ccc(C(C)(C)C)cc1,0.393605997
N1(C(C(=C2C1=C(C(N2c1ccc(cc1)C(C)(C)C)=O)c1ccc(Br)s1)c1sc(Br)cc1)=O)c1ccc(C(C)(C)C)cc1,0.393605997
Brc1ccc(C2C(=O)N(C3=C(C(N(C3=2)c2ccc(C(C)(C)C)cc2)=O)c2sc(Br)cc2)c2ccc(C(C)(C)C)cc2)s1,0.393605997
c1(C2C(=O)N(c3ccc(C(C)(C)C)cc3)C3=C(c4ccc(s4)Br)C(=O)N(c4ccc(C(C)(C)C)cc4)C3=2)sc(Br)cc1,0.393605997
C1(=O)N(c2ccc(C(C)(C)C)cc2)C2=C(C(=O)N(c3ccc(C(C)(C)C)cc3)C2=C1c1ccc(Br)s1)c1ccc(s1)Br,0.393605997
c1cc(cc(c1)C(F)(F)F)-c1oc(C=C(C(=O)OC)NC(=O)OCc2ccccc2)cc1,0.485442341
C(=Cc1ccc(-c2cccc(C(F)(F)F)c2)o1)(C(=O)OC)NC(=O)OCc1ccccc1,0.485442341
c1(-c2cc(C(F)(F)F)ccc2)ccc(C=C(C(=O)OC)NC(OCc2ccccc2)=O)o1,0.485442341
FC(c1cccc(c1)-c1ccc(o1)C=C(NC(=O)OCc1ccccc1)C(OC)=O)(F)F,0.485442341
c1c(cccc1)COC(NC(=Cc1oc(cc1)-c1cc(ccc1)C(F)(F)F)C(OC)=O)=O,0.485442341
c1(ccccc1)C1C(c2ccccc2)C(=C)C(C#Cc2ccccc2)=C1C,0.16200091
c1cc(ccc1)C1C(c2ccccc2)C(=C)C(C#Cc2ccccc2)=C1C,0.16200091
C1(C(=C(C(C1c1ccccc1)=C)C#Cc1ccccc1)C)c1ccccc1,0.16200091
C1(C(=C(C)C(c2ccccc2)C1c1ccccc1)C#Cc1ccccc1)=C,0.16200091
c1ccccc1C#CC1=C(C)C(C(c2ccccc2)C1=C)c1ccccc1,0.16200091
c1ccc(cc1)C1C=CS(=O)(CC=1Cc1ccc(C)cc1)=O,0.7958747
O=S1(CC(=C(c2ccccc2)C=C1)Cc1ccc(cc1)C)=O,0.7958747
c1(C2C=CS(=O)(=O)CC=2Cc2ccc(C)cc2)ccccc1,0.7958747
c1c(ccc(C)c1)CC1CS(=O)(=O)C=CC=1c1ccccc1,0.7958747
C1=CC(c2ccccc2)=C(Cc2ccc(cc2)C)CS1(=O)=O,0.7958747
C1=CCC2C(c3ccccc3)(P(OC)(=O)OC)C2C=C1,0.554663151
C12C(C2(P(OC)(OC)=O)c2ccccc2)C=CC=CC1,0.554663151
c1cc(ccc1)C1(C2C1CC=CC=C2)P(OC)(OC)=O,0.554663151
COP(=O)(OC)C1(c2ccccc2)C2C1C=CC=CC2,0.554663151
COP(OC)(=O)C1(C2C1CC=CC=C2)c1ccccc1,0.554663151
n1onc2c1ncnc2N,0.505774803
n1onc2c1ncnc2N,0.505774803
c12ncnc(N)c1non2,0.505774803
c12c(non2)ncnc1N,0.505774803
o1nc2c(n1)c(ncn2)N,0.505774803
c1(c2c(cccc2)n2n1c(c(c2=O)Br)C)=O,1.109068176
Cc1n2n(c(=O)c1Br)c1c(c2=O)cccc1,1.109068176
n12c3c(cccc3)c(n1c(c(Br)c2=O)C)=O,1.109068176
c1c2c(=O)n3n(c2ccc1)c(=O)c(c3C)Br,1.109068176
c1cccc2n3n(c(c(Br)c3=O)C)c(c12)=O,1.109068176
c1(c2c3ccccc3[nH]c2c(C=C(C)C)c2c3c(cccc3)[nH]c21)C=C(C)C,1.062774284
c12c3ccccc3[nH]c1c(C=C(C)C)c1c([nH]c3ccccc13)c2C=C(C)C,1.062774284
CC(C)=Cc1c2c3c([nH]c2c(c2c4ccccc4[nH]c21)C=C(C)C)cccc3,1.062774284
C(=C(C)C)c1c2c(c(C=C(C)C)c3c1[nH]c1c3cccc1)[nH]c1c2cccc1,1.062774284
C(c1c2c3c(cccc3)[nH]c2c(C=C(C)C)c2c3ccccc3[nH]c12)=C(C)C,1.062774284
c1c(N(CC)CC)ccc(c1)N=Nc1cc2C(=O)NC(=O)c2cc1,0.127768566
c1(ccc(N=Nc2cc3c(C(NC3=O)=O)cc2)cc1)N(CC)CC,0.127768566
c1cc(ccc1N=Nc1cc2c(cc1)C(=O)NC2=O)N(CC)CC,0.127768566
c1c2C(=O)NC(c2cc(c1)N=Nc1ccc(cc1)N(CC)CC)=O,0.127768566
c1c(N=Nc2ccc(N(CC)CC)cc2)ccc2C(=O)NC(=O)c12,0.127768566
C(Cc1cc(Br)c(c(Br)c1)OCCCNC(C1C(C2(ON=1)OC=C(C(=C(Br)C2)OC)Br)OC(=O)C)=O)NC(C)=O,0.606522822
C(CCNC(=O)C1=NOC2(C1OC(C)=O)OC=C(Br)C(OC)=C(Br)C2)Oc1c(Br)cc(cc1Br)CCNC(C)=O,0.606522822
C(=O)(NCCCOc1c(cc(CCNC(C)=O)cc1Br)Br)C1C(C2(ON=1)OC=C(C(=C(C2)Br)OC)Br)OC(C)=O,0.606522822
C1(C(=COC2(ON=C(C(=O)NCCCOc3c(Br)cc(CCNC(=O)C)cc3Br)C2OC(=O)C)CC=1Br)Br)OC,0.606522822
c1(cc(c(c(c1)Br)OCCCNC(C1=NOC2(OC=C(C(=C(Br)C2)OC)Br)C1OC(C)=O)=O)Br)CCNC(C)=O,0.606522822
c1(N(C(c2cccs2)=O)C#N)c(C)cccc1C,0.038043667
C(c1cccs1)(N(C#N)c1c(cccc1C)C)=O,0.038043667
c1ccc(C(N(C#N)c2c(cccc2C)C)=O)s1,0.038043667
C(=O)(N(c1c(cccc1C)C)C#N)c1sccc1,0.038043667
c1ccc(C)c(N(C#N)C(c2sccc2)=O)c1C,0.038043667
C1(c2ccccc2CCc2ccccc12)=C1c2ccccc2C=Cc2c1cccc2,0.804093042
C1Cc2ccccc2C(=C2c3ccccc3C=Cc3c2cccc3)c2c1cccc2,0.804093042
c1ccc2c(C(=C3c4ccccc4CCc4ccccc43)c3c(C=C2)cccc3)c1,0.804093042
c12ccccc2C(c2ccccc2C=C1)=C1c2c(CCc3c1cccc3)cccc2,0.804093042
c12ccccc2C=Cc2ccccc2C1=C1c2ccccc2CCc2ccccc12,0.804093042
O=C(OC(C)(C)C)n1c2c(c3c1ccc(c3)Br)CCCN(C2)C(=O)OCc1ccccc1,1.016754448
Brc1cc2c(cc1)n(C(OC(C)(C)C)=O)c1c2CCCN(C(=O)OCc2ccccc2)C1,1.016754448
CC(C)(OC(n1c2c(c3cc(ccc13)Br)CCCN(C(=O)OCc1ccccc1)C2)=O)C,1.016754448
c1cccc(COC(N2CCCc3c4cc(ccc4n(C(OC(C)(C)C)=O)c3C2)Br)=O)c1,1.016754448
c1cc(ccc1)COC(=O)N1CCCc2c(n(c3c2cc(Br)cc3)C(=O)OC(C)(C)C)C1,1.016754448
c1(N)nc2ccc(c(C)c2c(n1)N)CNc1cc(c(c(OC)c1)OC)OC,0.795131489
n1c(N)c2c(c(ccc2nc1N)CNc1cc(c(OC)c(OC)c1)OC)C,0.795131489
c1(nc(nc2ccc(CNc3cc(c(c(c3)OC)OC)OC)c(C)c21)N)N,0.795131489
c1cc2c(c(nc(n2)N)N)c(c1CNc1cc(OC)c(OC)c(c1)OC)C,0.795131489
c1(N)nc(c2c(n1)ccc(CNc1cc(OC)c(OC)c(OC)c1)c2C)N,0.795131489
c12c3n(ccc4c3cccc4)c(C(=O)OCC)c1C(=O)N(C2=O)c1ccc(Br)cc1,0.676435125
c1(n2ccc3ccccc3c2c2c1C(N(C2=O)c1ccc(Br)cc1)=O)C(=O)OCC,0.676435125
C1(=O)N(c2ccc(cc2)Br)C(=O)c2c1c1c3c(ccn1c2C(OCC)=O)cccc3,0.676435125
c1cc(Br)ccc1N1C(c2c(c3c4c(cccc4)ccn3c2C(OCC)=O)C1=O)=O,0.676435125
c1c2ccccc2c2c3C(=O)N(c4ccc(Br)cc4)C(=O)c3c(n2c1)C(=O)OCC,0.676435125
CCC(COc1ccc(cc1)OC(c1ccc(OC=CC)cc1)=O)C,0.725897896
CCC(C)COc1ccc(cc1)OC(c1ccc(cc1)OC=CC)=O,0.725897896
CCC(COc1ccc(OC(c2ccc(OC=CC)cc2)=O)cc1)C,0.725897896
C(=COc1ccc(cc1)C(Oc1ccc(OCC(C)CC)cc1)=O)C,0.725897896
C(Oc1ccc(cc1)C(=O)Oc1ccc(OCC(CC)C)cc1)=CC,0.725897896
C(N1CCN(CC1)C(C)=O)c1ccc(cc1)C1=NCCS1,0.574694411
C1CSC(c2ccc(cc2)CN2CCN(C(C)=O)CC2)=N1,0.574694411
N1(CCN(CC1)C(C)=O)Cc1ccc(cc1)C1=NCCS1,0.574694411
CC(N1CCN(CC1)Cc1ccc(C2SCCN=2)cc1)=O,0.574694411
C(=O)(N1CCN(Cc2ccc(C3=NCCS3)cc2)CC1)C,0.574694411
O=C(C)OC1C(=C(OC2C(OC(=O)C)C(C(OC(C)=O)C(O2)COC(C)=O)OC(C)=O)CC(C1)C(OC)=O)OC(C)=O,1.728867421
C1(OC2C(OC(=O)C)C(C(C(O2)COC(C)=O)OC(=O)C)OC(C)=O)CC(CC(C=1OC(C)=O)OC(C)=O)C(OC)=O,1.728867421
C(OC)(=O)C1CC(OC(=O)C)C(=C(OC2C(C(C(C(O2)COC(C)=O)OC(=O)C)OC(C)=O)OC(=O)C)C1)OC(=O)C,1.728867421
C(=O)(OC1=C(OC2OC(COC(C)=O)C(OC(C)=O)C(C2OC(C)=O)OC(C)=O)CC(C(=O)OC)CC1OC(=O)C)C,1.728867421
C1C(OC2OC(C(OC(=O)C)C(C2OC(=O)C)OC(C)=O)COC(=O)C)=C(OC(=O)C)C(CC1C(OC)=O)OC(C)=O,1.728867421
c1cc(-c2ccccc2)ccc1[Si]1(C(C)(C=C)C)CCC(CC1)C(C)(C)C,0.93336268
c1(ccc(cc1)[Si]1(C(C)(C=C)C)CCC(C(C)(C)C)CC1)-c1ccccc1,0.93336268
C1(C(C)(C)C)CC[Si](c2ccc(-c3ccccc3)cc2)(C(C)(C)C=C)CC1,0.93336268
c1c([Si]2(CCC(CC2)C(C)(C)C)C(C=C)(C)C)ccc(-c2ccccc2)c1,0.93336268
CC(C1CC[Si](CC1)(C(C=C)(C)C)c1ccc(-c2ccccc2)cc1)(C)C,0.93336268
O=C1C(c2ccccc2)=S=NO1,0.562504224
O1N=S=C(C1=O)c1ccccc1,0.562504224
c1cc(ccc1)C1C(ON=S=1)=O,0.562504224
C1(=S=NOC1=O)c1ccccc1,0.562504224
N1=S=C(C(O1)=O)c1ccccc1,0.562504224
O=C1N(CCC1)c1c(c(cc2[n+]([O-])onc21)Cl)[N+]([O-])=O,0.210424089
n1o[n+](c2c1c(N1C(=O)CCC1)c([N+](=O)[O-])c(Cl)c2)[O-],0.210424089
[N+](c1c(cc2c(c1N1C(=O)CCC1)no[n+]2[O-])Cl)(=O)[O-],0.210424089
O=[N+]([O-])c1c(cc2c(c1N1C(CCC1)=O)no[n+]2[O-])Cl,0.210424089
C1N(C(=O)CC1)c1c2no[n+]([O-])c2cc(c1[N+]([O-])=O)Cl,0.210424089
c1ccc(cc1)-c1cc(=O)c2cc(C3C(=C(NC(C)=C3C(OCC=C)=O)C)C(OCC=C)=O)ccc2o1,2.156539918
c1c(cccc1)-c1cc(c2cc(ccc2o1)C1C(C(OCC=C)=O)=C(NC(=C1C(=O)OCC=C)C)C)=O,2.156539918
c12c(=O)cc(oc2ccc(c1)C1C(=C(NC(C)=C1C(OCC=C)=O)C)C(=O)OCC=C)-c1ccccc1,2.156539918
c1cccc(-c2oc3c(cc(C4C(=C(C)NC(C)=C4C(OCC=C)=O)C(=O)OCC=C)cc3)c(c2)=O)c1,2.156539918
c1c(ccc2c1c(=O)cc(-c1ccccc1)o2)C1C(C(OCC=C)=O)=C(C)NC(C)=C1C(OCC=C)=O,2.156539918
[O-][n+]1c2cc(cc(OCC)c2no1)F,0.513067423
O(CC)c1c2c(cc(F)c1)[n+]([O-])on2,0.513067423
[n+]1(c2c(no1)c(OCC)cc(c2)F)[O-],0.513067423
c1(cc2c(no[n+]2[O-])c(c1)OCC)F,0.513067423
CCOc1cc(cc2[n+]([O-])onc12)F,0.513067423
S(N(C1CCCCC1)C1CCCCC1)(=O)(CC12C(C(CC2OC(=O)C2OC(CC=C2)OC)CC1)(C)C)=O,1.33941239
C1(C2CCC1(C(C2)OC(=O)C1OC(CC=C1)OC)CS(=O)(N(C1CCCCC1)C1CCCCC1)=O)(C)C,1.33941239
C1(CCCCC1)N(C1CCCCC1)S(=O)(CC12C(OC(=O)C3C=CCC(O3)OC)CC(CC2)C1(C)C)=O,1.33941239
C1(C2(CS(=O)(=O)N(C3CCCCC3)C3CCCCC3)CCC(C1)C2(C)C)OC(=O)C1OC(CC=C1)OC,1.33941239
C1(N(S(CC23CCC(C2(C)C)CC3OC(=O)C2OC(OC)CC=C2)(=O)=O)C2CCCCC2)CCCCC1,1.33941239
c12ccsc2cc(s1)-c1cc2sccc2s1,0.555627439
c12c(ccs1)sc(c2)-c1cc2c(ccs2)s1,0.555627439
c12ccsc2cc(-c2cc3sccc3s2)s1,0.555627439
c1c2c(cc(-c3sc4c(c3)scc4)s2)sc1,0.555627439
c12c(scc2)cc(-c2sc3c(c2)scc3)s1,0.555627439
c1cccc(C(=O)NC(NC2CCN(CC2)Cc2ccccc2)=S)c1,1.809658836
c1c(cccc1)C(=O)NC(=S)NC1CCN(Cc2ccccc2)CC1,1.809658836
c1cc(ccc1)CN1CCC(CC1)NC(=S)NC(c1ccccc1)=O,1.809658836
C(=S)(NC1CCN(CC1)Cc1ccccc1)NC(=O)c1ccccc1,1.809658836
c1cc(CN2CCC(NC(=S)NC(c3ccccc3)=O)CC2)ccc1,1.809658836
CC1(C)C(OB(O1)O[B-]1(C2[C+](CC=2N(CC)CC)N(CC)CC)OC(C)(C(C)(O1)C)C)(C)C,0.036218695
N(CC)(CC)C1C[C+](N(CC)CC)C=1[B-]1(OB2OC(C)(C)C(C)(C)O2)OC(C)(C(C)(C)O1)C,0.036218695
C1(=C(N(CC)CC)C[C+]1N(CC)CC)[B-]1(OB2OC(C)(C(C)(O2)C)C)OC(C)(C(C)(O1)C)C,0.036218695
O1[B-](C2[C+](N(CC)CC)CC=2N(CC)CC)(OB2OC(C)(C)C(C)(C)O2)OC(C1(C)C)(C)C,0.036218695
N(C1C[C+](N(CC)CC)C=1[B-]1(OB2OC(C(O2)(C)C)(C)C)OC(C)(C)C(O1)(C)C)(CC)CC,0.036218695
C1C2C(c3ccccc3)=NC(c3ccccc3)C(C2O)CC1,0.253256222
C1CC2C(C(C(c3ccccc3)N=C2c2ccccc2)C1)O,0.253256222
c1cccc(c1)C1N=C(C2C(O)C1CCC2)c1ccccc1,0.253256222
c1c(cccc1)C1C2C(C(CCC2)C(N=1)c1ccccc1)O,0.253256222
c1cccc(C2C3C(O)C(C(c4ccccc4)=N2)CCC3)c1,0.253256222
c1cc([N+](=O)[O-])cc(C=C2COC3(C=CC(O)=CC23)C)c1,0.264563207
C1=CC2(C)OCC(=Cc3cc(ccc3)[N+]([O-])=O)C2C=C1O,0.264563207
C(=C1C2C(OC1)(C)C=CC(O)=C2)c1cccc(c1)[N+](=O)[O-],0.264563207
c1c(C=C2C3C=C(C=CC3(C)OC2)O)cc(cc1)[N+]([O-])=O,0.264563207
C1(O)C=CC2(OCC(C2C=1)=Cc1cccc([N+](=O)[O-])c1)C,0.264563207
c1cc(ccc1CSC1NC(N=N1)c1ccc(cc1)OC)[N+]([O-])=O,0.645136108
N1C(NC(SCc2ccc(cc2)[N+]([O-])=O)N=1)c1ccc(OC)cc1,0.645136108
N1C(c2ccc(cc2)OC)N=NC1SCc1ccc(cc1)[N+]([O-])=O,0.645136108
C1(c2ccc(OC)cc2)N=NC(N1)SCc1ccc(cc1)[N+]([O-])=O,0.645136108
O=[N+](c1ccc(cc1)CSC1NC(N=N1)c1ccc(OC)cc1)[O-],0.645136108
c1c(C(C=CC(c2ccccc2)c2ccccc2)c2ccccc2)cccc1,0.414573178
c1ccccc1C(C=CC(c1ccccc1)c1ccccc1)c1ccccc1,0.414573178
c1(ccccc1)C(c1ccccc1)C=CC(c1ccccc1)c1ccccc1,0.414573178
c1cccc(C(C=CC(c2ccccc2)c2ccccc2)c2ccccc2)c1,0.414573178
c1c(cccc1)C(C=CC(c1ccccc1)c1ccccc1)c1ccccc1,0.414573178
